Year,Country,GDP,Population,Country Code,Predicted_EC
2061,Australia,3480000000000.0,34764692.5,36,9.133935211678669
2062,Australia,3550000000000.0,34969212.0,36,9.133935211678669
2063,Australia,3610000000000.0,35175465.5,36,9.133935211678669
2064,Australia,3680000000000.0,35377580.0,36,10.975597907323808
2065,Australia,3740000000000.0,35577439.0,36,10.975597907323808
2066,Australia,3810000000000.0,35784852.0,36,10.975597907323808
2067,Australia,3870000000000.0,35997266.5,36,10.975597907323808
2068,Australia,3940000000000.0,36211023.0,36,10.975597907323808
2069,Australia,4000000000000.0,36424702.0,36,10.975597907323808
2070,Australia,4070000000000.0,36635122.5,36,10.975597907323808
2071,Australia,4130000000000.0,36839672.5,36,10.975597907323808
2072,Australia,4190000000000.0,37041407.5,36,10.975597907323808
2073,Australia,4260000000000.0,37245058.5,36,10.975597907323808
2074,Australia,4320000000000.0,37451852.5,36,10.975597907323808
2075,Australia,4380000000000.0,37659585.0,36,26.14154296260431
2076,Australia,4440000000000.0,37865663.5,36,26.14154296260431
2077,Australia,4500000000000.0,38073800.5,36,26.14154296260431
2078,Australia,4550000000000.0,38284007.0,36,26.14154296260431
2079,Australia,4610000000000.0,38492857.0,36,26.14154296260431
2080,Australia,4670000000000.0,38700843.5,36,26.14154296260431
2081,Australia,4720000000000.0,38913382.5,36,26.14154296260431
2082,Australia,4770000000000.0,39127226.0,36,26.14154296260431
2083,Australia,4820000000000.0,39341144.0,36,26.14154296260431
2084,Australia,4870000000000.0,39552738.5,36,26.14154296260431
2085,Australia,4920000000000.0,39759318.0,36,26.14154296260431
2086,Australia,4960000000000.0,39970333.0,36,26.14154296260431
2087,Australia,5000000000000.0,40188433.0,36,26.14154296260431
2088,Australia,5040000000000.0,40416299.5,36,26.14154296260431
2089,Australia,5090000000000.0,40646491.0,36,26.14154296260431
2090,Australia,5130000000000.0,40876704.0,36,26.14154296260431
2091,Australia,5150000000000.0,41111419.5,36,26.180346015370365
2092,Australia,5180000000000.0,41344708.5,36,26.180346015370365
2093,Australia,5210000000000.0,41574722.5,36,26.180346015370365
2094,Australia,5240000000000.0,41797144.0,36,26.180346015370365
2095,Australia,5270000000000.0,42016474.0,36,26.180346015370365
2096,Australia,5290000000000.0,42243352.5,36,26.180346015370365
2097,Australia,5310000000000.0,42477125.5,36,26.180346015370365
2098,Australia,5330000000000.0,42706735.0,36,26.180346015370365
2099,Australia,5350000000000.0,42926634.0,36,26.180346015370365
2100,Australia,5370000000000.0,43143684.5,36,26.180346015370365
2061,Austria,754000000000.0,8360105.5,40,1.7038726828419557
2062,Austria,761000000000.0,8325620.0,40,1.6804347149656274
2063,Austria,768000000000.0,8291172.5,40,1.6804347149656274
2064,Austria,775000000000.0,8258211.5,40,2.229323262522623
2065,Austria,782000000000.0,8225772.0,40,2.229323262522623
2066,Austria,789000000000.0,8193049.5,40,2.229323262522623
2067,Austria,796000000000.0,8161532.5,40,2.229323262522623
2068,Austria,803000000000.0,8131306.0,40,2.2234002173927245
2069,Austria,810000000000.0,8101554.5,40,2.2234002173927245
2070,Austria,818000000000.0,8072756.0,40,2.2234002173927245
2071,Austria,824000000000.0,8045284.0,40,2.2234002173927245
2072,Austria,831000000000.0,8017716.5,40,2.2234002173927245
2073,Austria,838000000000.0,7990447.0,40,2.2920919905949857
2074,Austria,845000000000.0,7963623.5,40,2.2920919905949857
2075,Austria,852000000000.0,7937308.0,40,2.2920919905949857
2076,Austria,858000000000.0,7911661.5,40,2.2920919905949857
2077,Austria,864000000000.0,7884737.0,40,3.2965531173557983
2078,Austria,870000000000.0,7857205.5,40,3.2965531173557983
2079,Austria,876000000000.0,7830807.5,40,3.2965531173557983
2080,Austria,883000000000.0,7805761.0,40,3.2965531173557983
2081,Austria,888000000000.0,7781119.0,40,3.2965531173557983
2082,Austria,893000000000.0,7755989.0,40,3.2965531173557983
2083,Austria,899000000000.0,7730759.0,40,3.2965531173557983
2084,Austria,904000000000.0,7705346.5,40,3.2965531173557983
2085,Austria,910000000000.0,7680365.5,40,3.2965531173557983
2086,Austria,914000000000.0,7656850.5,40,3.2965531173557983
2087,Austria,919000000000.0,7634721.0,40,3.2965531173557983
2088,Austria,923000000000.0,7612694.5,40,3.2965531173557983
2089,Austria,928000000000.0,7590340.5,40,3.2965531173557983
2090,Austria,932000000000.0,7569186.5,40,4.509407769741964
2091,Austria,936000000000.0,7549429.0,40,4.509407769741964
2092,Austria,940000000000.0,7530928.5,40,4.509407769741964
2093,Austria,944000000000.0,7513401.5,40,4.509407769741964
2094,Austria,948000000000.0,7496580.5,40,4.509407769741964
2095,Austria,952000000000.0,7479874.0,40,4.509407769741964
2096,Austria,955000000000.0,7462943.0,40,4.509407769741964
2097,Austria,959000000000.0,7446091.5,40,4.509407769741964
2098,Austria,962000000000.0,7429819.0,40,4.56787963612915
2099,Austria,965000000000.0,7414451.0,40,4.56787963612915
2100,Austria,968000000000.0,7399328.5,40,4.56787963612915
2061,Belgium,909000000000.0,11662417.5,56,4.360821928165096
2062,Belgium,918000000000.0,11639828.0,56,4.360821928165096
2063,Belgium,927000000000.0,11618143.0,56,4.360821928165096
2064,Belgium,936000000000.0,11597066.5,56,4.8164258642812285
2065,Belgium,945000000000.0,11577020.0,56,4.8164258642812285
2066,Belgium,954000000000.0,11558128.5,56,4.8164258642812285
2067,Belgium,963000000000.0,11540449.0,56,4.867636906304317
2068,Belgium,971000000000.0,11523333.5,56,4.867636906304317
2069,Belgium,980000000000.0,11506727.0,56,4.867636906304317
2070,Belgium,989000000000.0,11490796.0,56,4.867636906304317
2071,Belgium,998000000000.0,11476221.5,56,4.867636906304317
2072,Belgium,1010000000000.0,11463025.0,56,4.857093912706319
2073,Belgium,1010000000000.0,11449950.5,56,4.857093912706319
2074,Belgium,1020000000000.0,11436977.0,56,4.857093912706319
2075,Belgium,1030000000000.0,11424663.5,56,4.932811418260672
2076,Belgium,1040000000000.0,11413124.5,56,4.932811418260672
2077,Belgium,1050000000000.0,11401155.5,56,4.932811418260672
2078,Belgium,1060000000000.0,11387797.5,56,4.932811418260672
2079,Belgium,1060000000000.0,11374349.5,56,4.932811418260672
2080,Belgium,1070000000000.0,11361054.5,56,4.932811418260672
2081,Belgium,1080000000000.0,11348181.5,56,4.932811418260672
2082,Belgium,1090000000000.0,11335106.5,56,4.932811418260672
2083,Belgium,1090000000000.0,11321441.5,56,4.932811418260672
2084,Belgium,1100000000000.0,11308006.0,56,4.932811418260672
2085,Belgium,1110000000000.0,11294427.0,56,4.932811418260672
2086,Belgium,1120000000000.0,11280649.0,56,4.962978765806086
2087,Belgium,1120000000000.0,11265957.0,56,4.962978765806086
2088,Belgium,1130000000000.0,11250780.0,56,4.962978765806086
2089,Belgium,1140000000000.0,11236086.5,56,4.962978765806086
2090,Belgium,1140000000000.0,11221815.5,56,4.962978765806086
2091,Belgium,1150000000000.0,11207572.5,56,4.962978765806086
2092,Belgium,1160000000000.0,11192507.5,56,4.962978765806086
2093,Belgium,1160000000000.0,11176899.0,56,4.962978765806086
2094,Belgium,1170000000000.0,11161121.0,56,4.962978765806086
2095,Belgium,1180000000000.0,11145150.5,56,4.962978765806086
2096,Belgium,1180000000000.0,11129657.0,56,4.962978765806086
2097,Belgium,1190000000000.0,11114014.5,56,4.974727943606565
2098,Belgium,1190000000000.0,11097068.0,56,4.974727943606565
2099,Belgium,1200000000000.0,11079076.0,56,4.974727943606565
2100,Belgium,1200000000000.0,11060848.0,56,4.974727943606565
2061,Canada,3680000000000.0,47309916.0,124,18.03777902390118
2062,Canada,3740000000000.0,47481924.5,124,18.03777902390118
2063,Canada,3790000000000.0,47656822.0,124,18.03777902390118
2064,Canada,3850000000000.0,47829974.0,124,18.03777902390118
2065,Canada,3910000000000.0,48002027.5,124,18.03777902390118
2066,Canada,3960000000000.0,48174162.5,124,18.03777902390118
2067,Canada,4020000000000.0,48350939.5,124,18.03777902390118
2068,Canada,4070000000000.0,48525241.0,124,18.03777902390118
2069,Canada,4130000000000.0,48692311.0,124,18.03777902390118
2070,Canada,4190000000000.0,48857807.0,124,18.03777902390118
2071,Canada,4240000000000.0,49022938.0,124,18.03777902390118
2072,Canada,4290000000000.0,49187298.5,124,18.03777902390118
2073,Canada,4350000000000.0,49346188.5,124,18.03777902390118
2074,Canada,4400000000000.0,49501805.0,124,31.094228044515027
2075,Canada,4460000000000.0,49661529.0,124,31.094228044515027
2076,Canada,4510000000000.0,49826113.5,124,31.094228044515027
2077,Canada,4560000000000.0,49984252.5,124,31.094228044515027
2078,Canada,4610000000000.0,50140225.5,124,31.094228044515027
2079,Canada,4660000000000.0,50297170.0,124,31.094228044515027
2080,Canada,4710000000000.0,50449269.5,124,31.094228044515027
2081,Canada,4760000000000.0,50606318.5,124,31.094228044515027
2082,Canada,4810000000000.0,50759611.0,124,31.094228044515027
2083,Canada,4860000000000.0,50910759.0,124,31.094228044515027
2084,Canada,4910000000000.0,51064689.5,124,31.094228044515027
2085,Canada,4950000000000.0,51211734.0,124,31.094228044515027
2086,Canada,5000000000000.0,51357630.0,124,31.094228044515027
2087,Canada,5040000000000.0,51502219.5,124,31.094228044515027
2088,Canada,5090000000000.0,51658545.0,124,31.094228044515027
2089,Canada,5130000000000.0,51815706.5,124,31.094228044515027
2090,Canada,5180000000000.0,51956748.0,124,31.094228044515027
2091,Canada,5220000000000.0,52105250.5,124,31.094228044515027
2092,Canada,5260000000000.0,52259693.5,124,31.094228044515027
2093,Canada,5300000000000.0,52414813.0,124,31.094228044515027
2094,Canada,5340000000000.0,52573699.5,124,31.094228044515027
2095,Canada,5380000000000.0,52734098.5,124,31.094228044515027
2096,Canada,5420000000000.0,52898267.5,124,31.094228044515027
2097,Canada,5460000000000.0,53074354.0,124,31.094228044515027
2098,Canada,5500000000000.0,53258348.5,124,31.094228044515027
2099,Canada,5540000000000.0,53436911.5,124,31.094228044515027
2100,Canada,5570000000000.0,53612234.5,124,31.094228044515027
2061,Czechia,656000000000.0,9404771.0,203,4.737382596728919
2062,Czechia,662000000000.0,9356975.5,203,4.737382596728919
2063,Czechia,668000000000.0,9308136.5,203,4.843613889816363
2064,Czechia,674000000000.0,9258793.0,203,4.843613889816363
2065,Czechia,681000000000.0,9209097.5,203,4.854392310107926
2066,Czechia,686000000000.0,9159545.0,203,4.854392310107926
2067,Czechia,692000000000.0,9111039.5,203,4.854392310107926
2068,Czechia,698000000000.0,9063721.5,203,4.112087538702633
2069,Czechia,704000000000.0,9017571.0,203,4.132898131153092
2070,Czechia,710000000000.0,8972727.5,203,4.132898131153092
2071,Czechia,715000000000.0,8929610.0,203,4.132898131153092
2072,Czechia,720000000000.0,8888325.5,203,4.132898131153092
2073,Czechia,725000000000.0,8849016.5,203,4.008960390228703
2074,Czechia,731000000000.0,8811824.0,203,4.008960390228703
2075,Czechia,736000000000.0,8776584.5,203,4.008960390228703
2076,Czechia,741000000000.0,8743463.5,203,4.000982734269076
2077,Czechia,746000000000.0,8712384.0,203,3.8503199601741023
2078,Czechia,750000000000.0,8682783.0,203,3.8503199601741023
2079,Czechia,755000000000.0,8654526.0,203,3.8503199601741023
2080,Czechia,760000000000.0,8627728.5,203,3.8385514837581343
2081,Czechia,764000000000.0,8602363.0,203,3.8385514837581343
2082,Czechia,769000000000.0,8578316.0,203,3.8385514837581343
2083,Czechia,773000000000.0,8555662.5,203,4.3439564185907145
2084,Czechia,778000000000.0,8534108.0,203,4.3439564185907145
2085,Czechia,782000000000.0,8513348.5,203,4.3439564185907145
2086,Czechia,786000000000.0,8493107.0,203,4.3439564185907145
2087,Czechia,791000000000.0,8473406.5,203,4.3439564185907145
2088,Czechia,795000000000.0,8454703.0,203,4.3439564185907145
2089,Czechia,799000000000.0,8436572.0,203,4.3439564185907145
2090,Czechia,803000000000.0,8418482.0,203,4.325822764782647
2091,Czechia,807000000000.0,8400760.0,203,4.325822764782647
2092,Czechia,811000000000.0,8383251.0,203,4.325822764782647
2093,Czechia,815000000000.0,8365479.5,203,4.325822764782647
2094,Czechia,819000000000.0,8347323.5,203,4.325822764782647
2095,Czechia,823000000000.0,8328816.5,203,4.325822764782647
2096,Czechia,826000000000.0,8309700.0,203,4.325822764782647
2097,Czechia,830000000000.0,8290190.0,203,4.325822764782647
2098,Czechia,833000000000.0,8270345.5,203,4.384430889757427
2099,Czechia,837000000000.0,8249706.5,203,4.384430889757427
2100,Czechia,840000000000.0,8228075.5,203,4.384430889757427
2061,Denmark,528000000000.0,6072976.0,208,1.5387983724521284
2062,Denmark,534000000000.0,6067892.0,208,1.5387983724521284
2063,Denmark,540000000000.0,6062958.5,208,1.6590611012038632
2064,Denmark,545000000000.0,6058181.0,208,1.6590611012038632
2065,Denmark,551000000000.0,6053335.5,208,1.6590611012038632
2066,Denmark,557000000000.0,6049058.5,208,1.6590611012038632
2067,Denmark,563000000000.0,6045432.5,208,2.1528030946371186
2068,Denmark,568000000000.0,6042136.0,208,2.1528030946371186
2069,Denmark,574000000000.0,6039219.5,208,2.1805597639727354
2070,Denmark,580000000000.0,6036603.0,208,2.1805597639727354
2071,Denmark,585000000000.0,6034389.5,208,2.1805597639727354
2072,Denmark,590000000000.0,6032483.0,208,2.1805597639727354
2073,Denmark,596000000000.0,6030139.5,208,2.1805597639727354
2074,Denmark,601000000000.0,6027505.5,208,2.1805597639727354
2075,Denmark,606000000000.0,6025042.5,208,2.1805597639727354
2076,Denmark,611000000000.0,6022068.0,208,2.1805597639727354
2077,Denmark,616000000000.0,6018848.0,208,2.1805597639727354
2078,Denmark,621000000000.0,6015859.0,208,2.4729278539609068
2079,Denmark,627000000000.0,6012543.0,208,2.4729278539609068
2080,Denmark,632000000000.0,6008790.0,208,2.4729278539609068
2081,Denmark,636000000000.0,6004852.0,208,2.4729278539609068
2082,Denmark,641000000000.0,6000136.0,208,2.4729278539609068
2083,Denmark,645000000000.0,5994230.0,208,2.4729278539609068
2084,Denmark,650000000000.0,5987674.5,208,2.4729278539609068
2085,Denmark,654000000000.0,5980590.5,208,2.4729278539609068
2086,Denmark,658000000000.0,5973040.0,208,2.4729278539609068
2087,Denmark,662000000000.0,5965214.0,208,2.4729278539609068
2088,Denmark,666000000000.0,5957393.0,208,2.52914040348601
2089,Denmark,670000000000.0,5949368.5,208,2.52914040348601
2090,Denmark,674000000000.0,5940877.5,208,2.52914040348601
2091,Denmark,677000000000.0,5932462.0,208,2.52914040348601
2092,Denmark,681000000000.0,5924287.5,208,2.539918823777573
2093,Denmark,684000000000.0,5916280.5,208,2.539918823777573
2094,Denmark,687000000000.0,5908287.0,208,2.539918823777573
2095,Denmark,691000000000.0,5900524.5,208,2.539918823777573
2096,Denmark,693000000000.0,5893157.0,208,2.539918823777573
2097,Denmark,696000000000.0,5885653.0,208,2.539918823777573
2098,Denmark,699000000000.0,5878106.0,208,2.539918823777573
2099,Denmark,702000000000.0,5870624.5,208,2.560512728197929
2100,Denmark,705000000000.0,5863216.0,208,2.560512728197929
2061,Finland,403000000000.0,6072976.0,246,1.6329830600309485
2062,Finland,408000000000.0,6067892.0,246,1.6329830600309485
2063,Finland,412000000000.0,6062958.5,246,1.6329830600309485
2064,Finland,417000000000.0,6058181.0,246,1.6329830600309485
2065,Finland,422000000000.0,6053335.5,246,1.6279452622037456
2066,Finland,426000000000.0,6049058.5,246,1.6279452622037456
2067,Finland,431000000000.0,6045432.5,246,1.6279452622037456
2068,Finland,436000000000.0,6042136.0,246,1.6279452622037456
2069,Finland,440000000000.0,6039219.5,246,1.6494111195651822
2070,Finland,445000000000.0,6036603.0,246,1.6494111195651822
2071,Finland,449000000000.0,6034389.5,246,2.1473815623167782
2072,Finland,454000000000.0,6032483.0,246,2.1473815623167782
2073,Finland,458000000000.0,6030139.5,246,2.154811076303555
2074,Finland,463000000000.0,6027505.5,246,2.154811076303555
2075,Finland,467000000000.0,6025042.5,246,2.154811076303555
2076,Finland,471000000000.0,6022068.0,246,2.1590440432513023
2077,Finland,475000000000.0,6018848.0,246,2.1590440432513023
2078,Finland,480000000000.0,6015859.0,246,2.1681621357720076
2079,Finland,484000000000.0,6012543.0,246,2.1681621357720076
2080,Finland,488000000000.0,6008790.0,246,2.1681621357720076
2081,Finland,492000000000.0,6004852.0,246,2.1681621357720076
2082,Finland,495000000000.0,6000136.0,246,2.1678286554743185
2083,Finland,499000000000.0,5994230.0,246,2.1678286554743185
2084,Finland,503000000000.0,5987674.5,246,2.1678286554743185
2085,Finland,507000000000.0,5980590.5,246,2.1678286554743185
2086,Finland,511000000000.0,5973040.0,246,2.179399970301622
2087,Finland,514000000000.0,5965214.0,246,2.179399970301622
2088,Finland,518000000000.0,5957393.0,246,2.179399970301622
2089,Finland,522000000000.0,5949368.5,246,2.179399970301622
2090,Finland,525000000000.0,5940877.5,246,2.179399970301622
2091,Finland,529000000000.0,5932462.0,246,2.179399970301622
2092,Finland,532000000000.0,5924287.5,246,2.179399970301622
2093,Finland,536000000000.0,5916280.5,246,2.179399970301622
2094,Finland,539000000000.0,5908287.0,246,2.179399970301622
2095,Finland,543000000000.0,5900524.5,246,2.2996626990533566
2096,Finland,546000000000.0,5893157.0,246,2.2996626990533566
2097,Finland,549000000000.0,5885653.0,246,2.2996626990533566
2098,Finland,552000000000.0,5878106.0,246,2.2996626990533566
2099,Finland,556000000000.0,5870624.5,246,2.3331431651478787
2100,Finland,559000000000.0,5863216.0,246,2.3331431651478787
2061,France,4750000000000.0,67810557.5,250,25.61670351365843
2062,France,4800000000000.0,67772616.0,250,25.61670351365843
2063,France,4860000000000.0,67739664.0,250,25.61670351365843
2064,France,4910000000000.0,67713647.0,250,25.61670351365843
2065,France,4970000000000.0,67691804.5,250,25.61670351365843
2066,France,5020000000000.0,67677299.5,250,25.61670351365843
2067,France,5080000000000.0,67669051.5,250,25.61670351365843
2068,France,5130000000000.0,67664280.0,250,25.61670351365843
2069,France,5190000000000.0,67668109.0,250,25.61670351365843
2070,France,5240000000000.0,67678905.0,250,25.61670351365843
2071,France,5300000000000.0,67698397.5,250,25.61670351365843
2072,France,5360000000000.0,67724513.5,250,25.61670351365843
2073,France,5410000000000.0,67752339.5,250,25.61670351365843
2074,France,5470000000000.0,67784584.5,250,25.61670351365843
2075,France,5520000000000.0,67822261.0,250,25.61670351365843
2076,France,5580000000000.0,67863936.0,250,25.61670351365843
2077,France,5640000000000.0,67905318.0,250,25.61670351365843
2078,France,5690000000000.0,67945204.0,250,69.90169694499146
2079,France,5750000000000.0,67984811.0,250,69.90169694499146
2080,France,5810000000000.0,68024937.0,250,69.90169694499146
2081,France,5870000000000.0,68066815.5,250,69.90169694499146
2082,France,5920000000000.0,68108439.5,250,69.90169694499146
2083,France,5980000000000.0,68153316.5,250,69.90169694499146
2084,France,6040000000000.0,68198942.5,250,69.90169694499146
2085,France,6100000000000.0,68237653.5,250,69.90169694499146
2086,France,6160000000000.0,68276452.5,250,69.90169694499146
2087,France,6220000000000.0,68316291.5,250,69.90169694499146
2088,France,6280000000000.0,68354444.5,250,69.90169694499146
2089,France,6340000000000.0,68389693.5,250,69.90169694499146
2090,France,6400000000000.0,68421882.5,250,69.90169694499146
2091,France,6460000000000.0,68451045.0,250,69.90169694499146
2092,France,6520000000000.0,68475278.0,250,69.90169694499146
2093,France,6580000000000.0,68498700.5,250,69.90169694499146
2094,France,6640000000000.0,68518865.5,250,69.90169694499146
2095,France,6700000000000.0,68529647.0,250,69.90169694499146
2096,France,6750000000000.0,68529526.5,250,69.90169694499146
2097,France,6810000000000.0,68523856.5,250,69.90169694499146
2098,France,6870000000000.0,68516588.5,250,69.90169694499146
2099,France,6930000000000.0,68503747.0,250,69.90169694499146
2100,France,6980000000000.0,68484558.5,250,69.90169694499146
2061,Greece,568000000000.0,8137063.5,300,2.70544339628618
2062,Greece,574000000000.0,8070504.5,300,2.733200065621798
2063,Greece,579000000000.0,8003997.0,300,2.733200065621798
2064,Greece,585000000000.0,7937788.5,300,2.733200065621798
2065,Greece,591000000000.0,7872405.5,300,2.744140555288576
2066,Greece,596000000000.0,7807286.5,300,2.788714985094072
2067,Greece,601000000000.0,7742011.0,300,2.788714985094072
2068,Greece,606000000000.0,7676981.5,300,2.788714985094072
2069,Greece,611000000000.0,7612995.0,300,2.788714985094072
2070,Greece,616000000000.0,7550900.0,300,2.788714985094072
2071,Greece,620000000000.0,7490956.5,300,3.0238238150615384
2072,Greece,624000000000.0,7432740.5,300,3.0238238150615384
2073,Greece,628000000000.0,7376240.5,300,3.0238238150615384
2074,Greece,633000000000.0,7322165.5,300,3.0238238150615384
2075,Greece,637000000000.0,7270681.5,300,3.0238238150615384
2076,Greece,641000000000.0,7221257.5,300,3.0238238150615384
2077,Greece,644000000000.0,7173180.0,300,3.0238238150615384
2078,Greece,648000000000.0,7126986.5,300,3.0238238150615384
2079,Greece,652000000000.0,7082979.0,300,3.0238238150615384
2080,Greece,655000000000.0,7040432.0,300,3.0746882435850162
2081,Greece,659000000000.0,6999572.5,300,3.0746882435850162
2082,Greece,662000000000.0,6960242.5,300,3.0746882435850162
2083,Greece,665000000000.0,6922342.0,300,3.1145609896434188
2084,Greece,669000000000.0,6885327.0,300,3.1145609896434188
2085,Greece,672000000000.0,6848239.0,300,3.1145609896434188
2086,Greece,675000000000.0,6811560.5,300,3.1145609896434188
2087,Greece,678000000000.0,6775730.0,300,3.1145609896434188
2088,Greece,681000000000.0,6739996.5,300,3.1200555517864674
2089,Greece,684000000000.0,6703488.0,300,3.1200555517864674
2090,Greece,687000000000.0,6666803.0,300,3.1200555517864674
2091,Greece,690000000000.0,6630481.5,300,3.1200555517864674
2092,Greece,692000000000.0,6593820.5,300,3.1200555517864674
2093,Greece,695000000000.0,6556381.5,300,3.1200555517864674
2094,Greece,697000000000.0,6518143.0,300,3.1200555517864674
2095,Greece,700000000000.0,6479055.5,300,3.1200555517864674
2096,Greece,702000000000.0,6439150.5,300,3.178395703419836
2097,Greece,704000000000.0,6398564.5,300,3.192328975920971
2098,Greece,706000000000.0,6357749.0,300,3.192328975920971
2099,Greece,708000000000.0,6316794.5,300,3.192328975920971
2100,Greece,710000000000.0,6275576.5,300,3.192328975920971
2061,Iceland,42200000000.0,428611.5,352,0.5664936035973561
2062,Iceland,42700000000.0,427790.5,352,0.5664936035973561
2063,Iceland,43100000000.0,426880.5,352,0.5664936035973561
2064,Iceland,43600000000.0,425994.0,352,0.5664936035973561
2065,Iceland,44000000000.0,425036.0,352,0.5664936035973561
2066,Iceland,44400000000.0,424003.5,352,0.5664936035973561
2067,Iceland,44800000000.0,422907.0,352,0.5664936035973561
2068,Iceland,45200000000.0,421787.0,352,0.5664936035973561
2069,Iceland,45600000000.0,420660.5,352,0.5664936035973561
2070,Iceland,46000000000.0,419428.0,352,0.5664936035973561
2071,Iceland,46400000000.0,418105.0,352,0.5664936035973561
2072,Iceland,46800000000.0,416668.0,352,0.5664936035973561
2073,Iceland,47100000000.0,415208.0,352,0.5664936035973561
2074,Iceland,47500000000.0,413764.5,352,0.5688212828571129
2075,Iceland,47800000000.0,412217.5,352,0.5688212828571129
2076,Iceland,48100000000.0,410554.0,352,0.5688212828571129
2077,Iceland,48400000000.0,408719.0,352,0.5688212828571129
2078,Iceland,48700000000.0,406801.5,352,0.5688212828571129
2079,Iceland,49100000000.0,404868.0,352,0.5697634933706229
2080,Iceland,49400000000.0,402850.5,352,0.5697634933706229
2081,Iceland,49600000000.0,400797.5,352,0.5697634933706229
2082,Iceland,49900000000.0,398781.0,352,0.5707576566313884
2083,Iceland,50100000000.0,396748.0,352,0.5707576566313884
2084,Iceland,50400000000.0,394666.0,352,0.5707576566313884
2085,Iceland,50600000000.0,392564.0,352,0.5707576566313884
2086,Iceland,50800000000.0,390442.0,352,0.5707576566313884
2087,Iceland,51000000000.0,388288.5,352,0.5707576566313884
2088,Iceland,51200000000.0,386088.5,352,0.5707576566313884
2089,Iceland,51400000000.0,383970.5,352,0.5707576566313884
2090,Iceland,51600000000.0,381944.0,352,0.5707576566313884
2091,Iceland,51700000000.0,379876.5,352,0.5707576566313884
2092,Iceland,51900000000.0,377759.0,352,0.5707576566313884
2093,Iceland,52100000000.0,375703.5,352,0.5707576566313884
2094,Iceland,52200000000.0,373748.5,352,0.5707576566313884
2095,Iceland,52400000000.0,371827.5,352,0.5707576566313884
2096,Iceland,52500000000.0,369912.0,352,0.5707576566313884
2097,Iceland,52600000000.0,368033.0,352,0.5707576566313884
2098,Iceland,52800000000.0,366200.5,352,0.5707576566313884
2099,Iceland,52900000000.0,364391.0,352,0.5707576566313884
2100,Iceland,53000000000.0,362582.5,352,0.5707576566313884
2061,Ireland,1300000000000.0,5921729.5,372,4.611139516943411
2062,Ireland,1330000000000.0,5910040.0,372,4.576502882780142
2063,Ireland,1350000000000.0,5898066.0,372,4.576502882780142
2064,Ireland,1370000000000.0,5884665.5,372,4.904398358443706
2065,Ireland,1390000000000.0,5870132.5,372,4.904398358443706
2066,Ireland,1410000000000.0,5855125.5,372,4.920254075972038
2067,Ireland,1430000000000.0,5839786.0,372,4.920254075972038
2068,Ireland,1450000000000.0,5824169.0,372,5.276009204256145
2069,Ireland,1460000000000.0,5808103.0,372,5.276009204256145
2070,Ireland,1480000000000.0,5791492.5,372,5.276009204256145
2071,Ireland,1500000000000.0,5774752.0,372,5.276009204256145
2072,Ireland,1510000000000.0,5758135.0,372,5.415614799566686
2073,Ireland,1530000000000.0,5741398.5,372,5.415614799566686
2074,Ireland,1550000000000.0,5724553.5,372,5.415614799566686
2075,Ireland,1560000000000.0,5708189.0,372,5.415614799566686
2076,Ireland,1580000000000.0,5692411.0,372,5.505629136933723
2077,Ireland,1590000000000.0,5676939.5,372,5.505629136933723
2078,Ireland,1600000000000.0,5661973.5,372,5.505629136933723
2079,Ireland,1620000000000.0,5647277.5,372,5.491092162064641
2080,Ireland,1630000000000.0,5633971.5,372,5.491092162064641
2081,Ireland,1640000000000.0,5622558.5,372,5.491092162064641
2082,Ireland,1650000000000.0,5610963.0,372,5.491092162064641
2083,Ireland,1670000000000.0,5598162.0,372,5.5045853454700095
2084,Ireland,1680000000000.0,5584764.5,372,5.5045853454700095
2085,Ireland,1690000000000.0,5571102.0,372,5.5045853454700095
2086,Ireland,1700000000000.0,5557425.0,372,5.5045853454700095
2087,Ireland,1710000000000.0,5543233.5,372,5.5045853454700095
2088,Ireland,1720000000000.0,5527772.0,372,5.5045853454700095
2089,Ireland,1730000000000.0,5511287.0,372,5.5045853454700095
2090,Ireland,1750000000000.0,5493730.5,372,5.1935151877951915
2091,Ireland,1760000000000.0,5475498.0,372,5.1935151877951915
2092,Ireland,1770000000000.0,5457090.0,372,5.1935151877951915
2093,Ireland,1780000000000.0,5438247.5,372,5.1935151877951915
2094,Ireland,1780000000000.0,5418987.0,372,5.1935151877951915
2095,Ireland,1790000000000.0,5399259.0,372,5.248520745466536
2096,Ireland,1800000000000.0,5378261.5,372,5.247326231727398
2097,Ireland,1810000000000.0,5356070.0,372,5.247326231727398
2098,Ireland,1820000000000.0,5333305.5,372,5.247326231727398
2099,Ireland,1830000000000.0,5309954.0,372,5.247326231727398
2100,Ireland,1830000000000.0,5286120.0,372,5.247326231727398
2061,Italy,3560000000000.0,47127112.5,380,9.321005851529605
2062,Italy,3590000000000.0,46670716.5,380,9.339792831488763
2063,Italy,3610000000000.0,46222613.5,380,9.339792831488763
2064,Italy,3640000000000.0,45784538.5,380,9.339792831488763
2065,Italy,3670000000000.0,45352681.5,380,11.213654665868964
2066,Italy,3690000000000.0,44931309.0,380,11.213654665868964
2067,Italy,3710000000000.0,44524299.5,380,11.213654665868964
2068,Italy,3740000000000.0,44126166.0,380,11.213654665868964
2069,Italy,3760000000000.0,43734707.5,380,11.196918075123811
2070,Italy,3790000000000.0,43353331.5,380,11.196918075123811
2071,Italy,3810000000000.0,42986002.0,380,11.196918075123811
2072,Italy,3830000000000.0,42631502.5,380,11.196918075123811
2073,Italy,3850000000000.0,42288844.0,380,11.196918075123811
2074,Italy,3870000000000.0,41958150.5,380,11.196918075123811
2075,Italy,3900000000000.0,41641716.5,380,11.196918075123811
2076,Italy,3920000000000.0,41341936.0,380,11.196918075123811
2077,Italy,3940000000000.0,41053533.0,380,11.196918075123811
2078,Italy,3960000000000.0,40772236.0,380,11.139731872844214
2079,Italy,3980000000000.0,40495655.5,380,11.139731872844214
2080,Italy,4000000000000.0,40225869.5,380,11.090738182472078
2081,Italy,4020000000000.0,39963231.5,380,11.090738182472078
2082,Italy,4040000000000.0,39704905.0,380,11.090738182472078
2083,Italy,4060000000000.0,39452309.0,380,11.090738182472078
2084,Italy,4080000000000.0,39203214.0,380,11.090738182472078
2085,Italy,4090000000000.0,38955405.5,380,11.090738182472078
2086,Italy,4110000000000.0,38713095.0,380,11.090738182472078
2087,Italy,4130000000000.0,38472531.0,380,11.090738182472078
2088,Italy,4150000000000.0,38231433.0,380,11.090738182472078
2089,Italy,4160000000000.0,37989932.5,380,11.10997450279502
2090,Italy,4180000000000.0,37748595.0,380,11.10997450279502
2091,Italy,4190000000000.0,37511052.0,380,11.10997450279502
2092,Italy,4210000000000.0,37272506.0,380,11.10997450279502
2093,Italy,4220000000000.0,37035406.5,380,11.10997450279502
2094,Italy,4240000000000.0,36801813.5,380,11.10997450279502
2095,Italy,4250000000000.0,36565447.5,380,11.10997450279502
2096,Italy,4260000000000.0,36327293.5,380,11.10997450279502
2097,Italy,4270000000000.0,36088272.5,380,11.10997450279502
2098,Italy,4280000000000.0,35851674.0,380,11.10997450279502
2099,Italy,4290000000000.0,35615719.5,380,11.10997450279502
2100,Italy,4300000000000.0,35376821.5,380,11.10997450279502
2061,Japan,7040000000000.0,97353646.0,392,67.60517167792085
2062,Japan,7070000000000.0,96600089.5,392,67.60517167792085
2063,Japan,7110000000000.0,95843768.5,392,67.60517167792085
2064,Japan,7140000000000.0,95085857.5,392,67.60517167792085
2065,Japan,7170000000000.0,94324173.0,392,67.60517167792085
2066,Japan,7200000000000.0,93563620.0,392,71.66684523791702
2067,Japan,7230000000000.0,92812404.0,392,71.66684523791702
2068,Japan,7250000000000.0,92067790.5,392,71.66684523791702
2069,Japan,7280000000000.0,91332806.5,392,71.66684523791702
2070,Japan,7310000000000.0,90611771.0,392,71.66684523791702
2071,Japan,7330000000000.0,89911340.0,392,71.66684523791702
2072,Japan,7350000000000.0,89235968.0,392,71.66684523791702
2073,Japan,7370000000000.0,88580980.5,392,71.66684523791702
2074,Japan,7390000000000.0,87952001.5,392,71.66684523791702
2075,Japan,7410000000000.0,87352846.5,392,71.66684523791702
2076,Japan,7430000000000.0,86780662.0,392,71.66684523791702
2077,Japan,7450000000000.0,86232702.0,392,71.66684523791702
2078,Japan,7470000000000.0,85708775.5,392,71.66684523791702
2079,Japan,7490000000000.0,85209307.0,392,71.66684523791702
2080,Japan,7510000000000.0,84729965.5,392,71.66684523791702
2081,Japan,7530000000000.0,84269888.5,392,71.66684523791702
2082,Japan,7550000000000.0,83826897.0,392,71.66684523791702
2083,Japan,7560000000000.0,83397932.5,392,71.66684523791702
2084,Japan,7580000000000.0,82980374.0,392,71.66684523791702
2085,Japan,7600000000000.0,82570777.0,392,71.66684523791702
2086,Japan,7620000000000.0,82169887.0,392,71.66684523791702
2087,Japan,7640000000000.0,81778184.0,392,71.66684523791702
2088,Japan,7650000000000.0,81393977.5,392,71.66684523791702
2089,Japan,7670000000000.0,81013197.5,392,71.66684523791702
2090,Japan,7690000000000.0,80634393.0,392,71.66684523791702
2091,Japan,7700000000000.0,80257724.0,392,71.66684523791702
2092,Japan,7710000000000.0,79879696.0,392,71.66684523791702
2093,Japan,7730000000000.0,79500582.0,392,71.66684523791702
2094,Japan,7740000000000.0,79123885.0,392,71.66684523791702
2095,Japan,7750000000000.0,78747739.0,392,71.66684523791702
2096,Japan,7760000000000.0,78369011.5,392,71.66684523791702
2097,Japan,7760000000000.0,77990635.0,392,71.66684523791702
2098,Japan,7770000000000.0,77612885.0,392,71.66684523791702
2099,Japan,7780000000000.0,77230866.5,392,71.66684523791702
2100,Japan,7780000000000.0,76845989.0,392,71.66684523791702
2061,Korea,3140000000000.0,24557406.5,410,10.254499291893117
2062,Korea,3140000000000.0,24430635.5,410,10.254499291893117
2063,Korea,3140000000000.0,24302979.0,410,10.254499291893117
2064,Korea,3140000000000.0,24174439.0,410,10.254499291893117
2065,Korea,3130000000000.0,24045012.5,410,10.254499291893117
2066,Korea,3130000000000.0,23915148.5,410,10.254499291893117
2067,Korea,3120000000000.0,23785392.0,410,10.254499291893117
2068,Korea,3120000000000.0,23655910.0,410,10.254499291893117
2069,Korea,3110000000000.0,23526598.0,410,10.254499291893117
2070,Korea,3100000000000.0,23397808.0,410,10.254499291893117
2071,Korea,3100000000000.0,23269557.0,410,10.254499291893117
2072,Korea,3090000000000.0,23141672.0,410,10.254499291893117
2073,Korea,3080000000000.0,23014119.5,410,10.254499291893117
2074,Korea,3070000000000.0,22886769.0,410,10.254499291893117
2075,Korea,3060000000000.0,22759811.0,410,10.254499291893117
2076,Korea,3050000000000.0,22633219.0,410,10.254499291893117
2077,Korea,3040000000000.0,22506531.5,410,10.254499291893117
2078,Korea,3020000000000.0,22379596.5,410,10.254499291893117
2079,Korea,3010000000000.0,22252378.0,410,10.254499291893117
2080,Korea,3000000000000.0,22124706.0,410,10.254499291893117
2081,Korea,2990000000000.0,21996518.0,410,10.598078752507158
2082,Korea,2970000000000.0,21867789.0,410,10.598078752507158
2083,Korea,2960000000000.0,21738766.0,410,10.598078752507158
2084,Korea,2940000000000.0,21609357.5,410,10.598078752507158
2085,Korea,2930000000000.0,21479322.5,410,10.593944303519168
2086,Korea,2910000000000.0,21348618.5,410,10.593944303519168
2087,Korea,2900000000000.0,21217308.0,410,10.593944303519168
2088,Korea,2880000000000.0,21085766.0,410,10.593944303519168
2089,Korea,2870000000000.0,20953947.5,410,10.593944303519168
2090,Korea,2850000000000.0,20821742.5,410,10.593944303519168
2091,Korea,2830000000000.0,20689263.5,410,10.593944303519168
2092,Korea,2820000000000.0,20556690.5,410,10.593944303519168
2093,Korea,2800000000000.0,20424480.5,410,10.677877163963986
2094,Korea,2780000000000.0,20292746.0,410,10.677164530591355
2095,Korea,2760000000000.0,20161118.5,410,10.677164530591355
2096,Korea,2750000000000.0,20029753.5,410,10.677164530591355
2097,Korea,2730000000000.0,19899159.0,410,10.677164530591355
2098,Korea,2710000000000.0,19769477.5,410,10.677164530591355
2099,Korea,2690000000000.0,19640506.0,410,10.44614417368983
2100,Korea,2680000000000.0,19512149.0,410,10.44614417368983
2061,Luxembourg,110000000000.0,800796.5,442,0.41805298681972886
2062,Luxembourg,111000000000.0,800771.0,442,0.41805298681972886
2063,Luxembourg,111000000000.0,800535.5,442,0.41805298681972886
2064,Luxembourg,112000000000.0,800258.0,442,0.41805298681972886
2065,Luxembourg,112000000000.0,799937.5,442,0.41805298681972886
2066,Luxembourg,112000000000.0,799551.0,442,0.41805298681972886
2067,Luxembourg,113000000000.0,799018.0,442,0.5077539536144413
2068,Luxembourg,113000000000.0,798328.5,442,0.5077539536144413
2069,Luxembourg,114000000000.0,797479.5,442,0.5077539536144413
2070,Luxembourg,114000000000.0,796328.5,442,0.5077539536144413
2071,Luxembourg,115000000000.0,795145.5,442,0.5077539536144413
2072,Luxembourg,115000000000.0,793929.0,442,0.5077539536144413
2073,Luxembourg,115000000000.0,792529.5,442,0.5077539536144413
2074,Luxembourg,116000000000.0,791181.5,442,0.5077539536144413
2075,Luxembourg,116000000000.0,789866.5,442,0.5077539536144413
2076,Luxembourg,116000000000.0,788498.5,442,0.5077539536144413
2077,Luxembourg,116000000000.0,787038.0,442,0.5077539536144413
2078,Luxembourg,117000000000.0,785565.0,442,0.5077539536144413
2079,Luxembourg,117000000000.0,784036.5,442,0.5077539536144413
2080,Luxembourg,117000000000.0,782395.0,442,0.5077539536144413
2081,Luxembourg,117000000000.0,780656.5,442,0.5077539536144413
2082,Luxembourg,118000000000.0,778774.5,442,0.5077539536144413
2083,Luxembourg,118000000000.0,777016.0,442,0.5077539536144413
2084,Luxembourg,118000000000.0,775302.0,442,0.5077539536144413
2085,Luxembourg,118000000000.0,773446.0,442,0.5077539536144413
2086,Luxembourg,118000000000.0,771558.5,442,0.5077539536144413
2087,Luxembourg,118000000000.0,769637.5,442,0.5077539536144413
2088,Luxembourg,118000000000.0,767781.5,442,0.5077539536144413
2089,Luxembourg,118000000000.0,766049.5,442,0.5077539536144413
2090,Luxembourg,119000000000.0,764383.5,442,0.5077539536144413
2091,Luxembourg,119000000000.0,762658.0,442,0.5077539536144413
2092,Luxembourg,119000000000.0,761034.5,442,0.5077539536144413
2093,Luxembourg,119000000000.0,759532.0,442,0.5077539536144413
2094,Luxembourg,119000000000.0,757956.0,442,0.5077539536144413
2095,Luxembourg,119000000000.0,756502.0,442,0.5077539536144413
2096,Luxembourg,119000000000.0,755032.0,442,0.5077539536144413
2097,Luxembourg,119000000000.0,753307.0,442,0.5077539536144413
2098,Luxembourg,119000000000.0,751533.0,442,0.5077539536144413
2099,Luxembourg,119000000000.0,749773.5,442,0.5077539536144413
2100,Luxembourg,119000000000.0,747990.5,442,0.5077539536144413
2061,Mexico,6410000000000.0,149827852.0,484,69.35492602600688
2062,Mexico,6530000000000.0,149737035.5,484,69.35492602600688
2063,Mexico,6660000000000.0,149619418.0,484,69.35492602600688
2064,Mexico,6780000000000.0,149474742.5,484,69.35492602600688
2065,Mexico,6910000000000.0,149302539.5,484,69.35492602600688
2066,Mexico,7030000000000.0,149103940.5,484,69.35492602600688
2067,Mexico,7160000000000.0,148881679.0,484,69.35492602600688
2068,Mexico,7280000000000.0,148634888.0,484,72.48452246526595
2069,Mexico,7410000000000.0,148362269.5,484,72.48452246526595
2070,Mexico,7530000000000.0,148063211.0,484,72.48452246526595
2071,Mexico,7660000000000.0,147741064.5,484,72.48452246526595
2072,Mexico,7780000000000.0,147396146.0,484,72.48452246526595
2073,Mexico,7900000000000.0,147025029.0,484,72.48452246526595
2074,Mexico,8020000000000.0,146629523.0,484,72.48452246526595
2075,Mexico,8150000000000.0,146211751.0,484,72.48452246526595
2076,Mexico,8260000000000.0,145772681.0,484,72.48452246526595
2077,Mexico,8380000000000.0,145311919.0,484,72.48452246526595
2078,Mexico,8500000000000.0,144829020.5,484,72.48452246526595
2079,Mexico,8610000000000.0,144324266.0,484,72.48452246526595
2080,Mexico,8730000000000.0,143798331.5,484,72.48452246526595
2081,Mexico,8840000000000.0,143251807.5,484,72.48452246526595
2082,Mexico,8950000000000.0,142689365.0,484,72.48452246526595
2083,Mexico,9060000000000.0,142109912.5,484,72.48452246526595
2084,Mexico,9170000000000.0,141510608.5,484,72.48452246526595
2085,Mexico,9280000000000.0,140892442.0,484,72.48452246526595
2086,Mexico,9380000000000.0,140257628.0,484,72.48452246526595
2087,Mexico,9490000000000.0,139610647.5,484,80.62794861558486
2088,Mexico,9590000000000.0,138952627.5,484,80.62794861558486
2089,Mexico,9690000000000.0,138281610.0,484,80.62794861558486
2090,Mexico,9800000000000.0,137597074.5,484,80.62794861558486
2091,Mexico,9890000000000.0,136900252.5,484,80.62794861558486
2092,Mexico,9980000000000.0,136193871.5,484,80.62794861558486
2093,Mexico,10100000000000.0,135476634.0,484,80.62794861558486
2094,Mexico,10200000000000.0,134746722.5,484,80.62794861558486
2095,Mexico,10300000000000.0,134008424.5,484,80.62794861558486
2096,Mexico,10300000000000.0,133264475.0,484,80.62794861558486
2097,Mexico,10400000000000.0,132515721.0,484,80.62794861558486
2098,Mexico,10500000000000.0,131763049.5,484,80.62794861558486
2099,Mexico,10600000000000.0,131007389.0,484,80.62794861558486
2100,Mexico,10700000000000.0,130248836.0,484,80.62794861558486
2061,Netherlands,1530000000000.0,18655388.5,528,6.038867052504834
2062,Netherlands,1540000000000.0,18629643.5,528,6.038867052504834
2063,Netherlands,1550000000000.0,18605904.5,528,6.038867052504834
2064,Netherlands,1570000000000.0,18582979.5,528,6.038867052504834
2065,Netherlands,1580000000000.0,18561279.0,528,6.147302778991762
2066,Netherlands,1590000000000.0,18541467.5,528,6.147302778991762
2067,Netherlands,1600000000000.0,18524712.5,528,6.147302778991762
2068,Netherlands,1610000000000.0,18509437.0,528,6.147302778991762
2069,Netherlands,1620000000000.0,18494005.5,528,6.1667906091040035
2070,Netherlands,1630000000000.0,18478454.0,528,6.1667906091040035
2071,Netherlands,1640000000000.0,18462958.5,528,6.1667906091040035
2072,Netherlands,1650000000000.0,18446838.0,528,6.1667906091040035
2073,Netherlands,1660000000000.0,18429276.0,528,6.1667906091040035
2074,Netherlands,1670000000000.0,18411117.0,528,6.1587344900260845
2075,Netherlands,1680000000000.0,18391537.5,528,6.1587344900260845
2076,Netherlands,1690000000000.0,18368106.0,528,6.1587344900260845
2077,Netherlands,1700000000000.0,18340784.0,528,6.1587344900260845
2078,Netherlands,1710000000000.0,18311972.0,528,6.1587344900260845
2079,Netherlands,1720000000000.0,18282172.5,528,6.1587344900260845
2080,Netherlands,1730000000000.0,18251350.0,528,6.1587344900260845
2081,Netherlands,1740000000000.0,18218893.0,528,6.1587344900260845
2082,Netherlands,1740000000000.0,18184063.0,528,6.1587344900260845
2083,Netherlands,1750000000000.0,18147837.5,528,5.842364011589112
2084,Netherlands,1760000000000.0,18111023.5,528,5.842364011589112
2085,Netherlands,1770000000000.0,18074357.0,528,5.842364011589112
2086,Netherlands,1770000000000.0,18036255.0,528,5.842364011589112
2087,Netherlands,1780000000000.0,17998307.5,528,5.842364011589112
2088,Netherlands,1780000000000.0,17960227.0,528,5.842364011589112
2089,Netherlands,1790000000000.0,17920220.5,528,5.889632953306333
2090,Netherlands,1790000000000.0,17878905.0,528,5.8849140039572765
2091,Netherlands,1800000000000.0,17838038.5,528,5.8849140039572765
2092,Netherlands,1800000000000.0,17798797.0,528,5.8849140039572765
2093,Netherlands,1810000000000.0,17759141.5,528,5.8849140039572765
2094,Netherlands,1810000000000.0,17719668.0,528,5.8849140039572765
2095,Netherlands,1810000000000.0,17681341.5,528,5.8849140039572765
2096,Netherlands,1820000000000.0,17644610.5,528,5.8849140039572765
2097,Netherlands,1820000000000.0,17609469.5,528,5.8849140039572765
2098,Netherlands,1820000000000.0,17575440.0,528,5.8849140039572765
2099,Netherlands,1820000000000.0,17541909.0,528,5.8849140039572765
2100,Netherlands,1830000000000.0,17507517.5,528,5.8849140039572765
2061,New Zealand,433000000000.0,5835531.5,554,1.3762082510493545
2062,New Zealand,439000000000.0,5838139.5,554,1.3762082510493545
2063,New Zealand,445000000000.0,5841093.0,554,1.3970575880509217
2064,New Zealand,452000000000.0,5843778.5,554,1.8735669271639164
2065,New Zealand,458000000000.0,5847555.0,554,1.880996441150693
2066,New Zealand,464000000000.0,5851514.0,554,1.880996441150693
2067,New Zealand,470000000000.0,5854647.0,554,1.8852294080984404
2068,New Zealand,476000000000.0,5856667.5,554,1.8852294080984404
2069,New Zealand,482000000000.0,5858088.5,554,1.8976071238002454
2070,New Zealand,489000000000.0,5859042.0,554,1.8976071238002454
2071,New Zealand,494000000000.0,5859404.0,554,1.8976071238002454
2072,New Zealand,500000000000.0,5861375.5,554,1.9237308529064878
2073,New Zealand,506000000000.0,5863972.0,554,1.9237308529064878
2074,New Zealand,512000000000.0,5865189.5,554,1.9368934273487894
2075,New Zealand,517000000000.0,5865952.0,554,1.9368934273487894
2076,New Zealand,523000000000.0,5866354.5,554,1.9368934273487894
2077,New Zealand,528000000000.0,5867112.0,554,1.9368934273487894
2078,New Zealand,533000000000.0,5867370.5,554,1.9368934273487894
2079,New Zealand,539000000000.0,5866463.5,554,1.9368934273487894
2080,New Zealand,544000000000.0,5864587.5,554,2.05715615610053
2081,New Zealand,549000000000.0,5862554.5,554,2.05715615610053
2082,New Zealand,554000000000.0,5860148.5,554,2.069762539420412
2083,New Zealand,559000000000.0,5856303.5,554,2.069762539420412
2084,New Zealand,564000000000.0,5852208.0,554,2.5635045328536634
2085,New Zealand,568000000000.0,5848588.0,554,2.5635045328536634
2086,New Zealand,573000000000.0,5845302.5,554,2.5912612021892807
2087,New Zealand,577000000000.0,5842301.5,554,2.5912612021892807
2088,New Zealand,581000000000.0,5840476.5,554,2.5912612021892807
2089,New Zealand,585000000000.0,5838569.0,554,2.5912612021892807
2090,New Zealand,590000000000.0,5836503.0,554,2.5912612021892807
2091,New Zealand,593000000000.0,5835193.0,554,2.5912612021892807
2092,New Zealand,597000000000.0,5834279.0,554,2.5912612021892807
2093,New Zealand,601000000000.0,5832853.5,554,2.5912612021892807
2094,New Zealand,604000000000.0,5830910.0,554,2.5912612021892807
2095,New Zealand,608000000000.0,5829301.0,554,2.5912612021892807
2096,New Zealand,611000000000.0,5827049.5,554,2.5912612021892807
2097,New Zealand,614000000000.0,5824249.5,554,2.5912612021892807
2098,New Zealand,617000000000.0,5820746.5,554,2.5912612021892807
2099,New Zealand,619000000000.0,5816635.5,554,2.883629292177452
2100,New Zealand,622000000000.0,5812293.5,554,2.883629292177452
2061,Norway,622000000000.0,5850010.5,578,3.1993839241681212
2062,Norway,629000000000.0,5841442.5,578,3.1993839241681212
2063,Norway,637000000000.0,5832172.5,578,3.1993839241681212
2064,Norway,645000000000.0,5822603.5,578,3.1993839241681212
2065,Norway,652000000000.0,5812868.0,578,3.1993839241681212
2066,Norway,660000000000.0,5803016.5,578,3.2764794808572657
2067,Norway,667000000000.0,5793104.0,578,3.3163522269156682
2068,Norway,675000000000.0,5783538.5,578,3.3163522269156682
2069,Norway,682000000000.0,5774557.0,578,3.321846789058717
2070,Norway,689000000000.0,5765482.5,578,3.321846789058717
2071,Norway,697000000000.0,5756370.0,578,3.321846789058717
2072,Norway,704000000000.0,5747169.0,578,3.3708403612625304
2073,Norway,711000000000.0,5737402.5,578,3.3708403612625304
2074,Norway,718000000000.0,5727431.5,578,3.3708403612625304
2075,Norway,725000000000.0,5717579.0,578,3.38077603965288
2076,Norway,732000000000.0,5707881.0,578,3.38077603965288
2077,Norway,738000000000.0,5697964.0,578,3.38077603965288
2078,Norway,745000000000.0,5687592.0,578,3.373906690717158
2079,Norway,752000000000.0,5676743.5,578,3.373906690717158
2080,Norway,758000000000.0,5665345.0,578,3.35046872284083
2081,Norway,764000000000.0,5653536.0,578,3.35046872284083
2082,Norway,771000000000.0,5641393.5,578,3.35046872284083
2083,Norway,777000000000.0,5628760.0,578,3.85587365767341
2084,Norway,783000000000.0,5615498.5,578,3.85587365767341
2085,Norway,789000000000.0,5601963.0,578,3.85587365767341
2086,Norway,795000000000.0,5588391.0,578,3.85587365767341
2087,Norway,801000000000.0,5574503.5,578,3.85587365767341
2088,Norway,806000000000.0,5560837.0,578,3.8499506125435112
2089,Norway,812000000000.0,5547888.0,578,3.8499506125435112
2090,Norway,818000000000.0,5535168.0,578,3.8499506125435112
2091,Norway,823000000000.0,5522782.0,578,3.8499506125435112
2092,Norway,828000000000.0,5510831.5,578,3.8499506125435112
2093,Norway,833000000000.0,5498594.0,578,3.9207445651242825
2094,Norway,838000000000.0,5486266.0,578,3.9207445651242825
2095,Norway,844000000000.0,5474022.0,578,3.9207445651242825
2096,Norway,848000000000.0,5461948.5,578,3.9207445651242825
2097,Norway,853000000000.0,5450325.0,578,3.9207445651242825
2098,Norway,857000000000.0,5438577.5,578,3.9207445651242825
2099,Norway,862000000000.0,5426220.5,578,3.9207445651242825
2100,Norway,866000000000.0,5413618.0,578,4.0332089502555935
2061,Poland,2350000000000.0,29852068.0,616,6.519900549135838
2062,Poland,2360000000000.0,29560836.0,616,6.519900549135838
2063,Poland,2380000000000.0,29265319.0,616,6.51703662562351
2064,Poland,2390000000000.0,28965167.5,616,6.51703662562351
2065,Poland,2400000000000.0,28661471.0,616,6.51703662562351
2066,Poland,2400000000000.0,28354483.0,616,6.51703662562351
2067,Poland,2410000000000.0,28044401.5,616,6.51703662562351
2068,Poland,2420000000000.0,27732016.5,616,6.51703662562351
2069,Poland,2420000000000.0,27418153.0,616,6.51703662562351
2070,Poland,2430000000000.0,27103555.5,616,6.51703662562351
2071,Poland,2440000000000.0,26788405.0,616,6.51703662562351
2072,Poland,2440000000000.0,26472932.0,616,6.51703662562351
2073,Poland,2440000000000.0,26157701.0,616,6.51703662562351
2074,Poland,2450000000000.0,25844144.5,616,6.51703662562351
2075,Poland,2450000000000.0,25533666.0,616,6.51703662562351
2076,Poland,2450000000000.0,25226489.0,616,6.423909558255787
2077,Poland,2460000000000.0,24922265.0,616,6.423909558255787
2078,Poland,2460000000000.0,24622711.0,616,6.423909558255787
2079,Poland,2460000000000.0,24328047.5,616,6.423909558255787
2080,Poland,2460000000000.0,24037703.0,616,6.427108465858204
2081,Poland,2460000000000.0,23752655.0,616,6.436427652833989
2082,Poland,2460000000000.0,23472816.5,616,6.436427652833989
2083,Poland,2460000000000.0,23198842.5,616,6.436427652833989
2084,Poland,2460000000000.0,22931401.0,616,6.436427652833989
2085,Poland,2460000000000.0,22670483.5,616,6.436427652833989
2086,Poland,2470000000000.0,22415539.5,616,6.558704071031548
2087,Poland,2470000000000.0,22166289.5,616,6.558704071031548
2088,Poland,2470000000000.0,21922659.0,616,6.5416324504698204
2089,Poland,2470000000000.0,21684893.5,616,6.5416324504698204
2090,Poland,2470000000000.0,21452557.5,616,6.53749800148183
2091,Poland,2470000000000.0,21225016.0,616,6.53749800148183
2092,Poland,2480000000000.0,21002066.5,616,6.53749800148183
2093,Poland,2480000000000.0,20783173.5,616,6.53749800148183
2094,Poland,2480000000000.0,20567784.0,616,6.536230949205795
2095,Poland,2490000000000.0,20355965.0,616,6.529798233569832
2096,Poland,2490000000000.0,20146818.5,616,6.529798233569832
2097,Poland,2490000000000.0,19939806.0,616,6.529798233569832
2098,Poland,2490000000000.0,19734944.0,616,6.529798233569832
2099,Poland,2500000000000.0,19531649.0,616,6.529798233569832
2100,Poland,2500000000000.0,19329838.5,616,6.529798233569832
2061,Portugal,641000000000.0,9359410.5,620,3.8630732895607363
2062,Portugal,647000000000.0,9323460.5,620,3.8630732895607363
2063,Portugal,653000000000.0,9287297.0,620,3.8630732895607363
2064,Portugal,660000000000.0,9251225.5,620,3.8630732895607363
2065,Portugal,666000000000.0,9216440.0,620,4.028050937020948
2066,Portugal,672000000000.0,9183537.5,620,4.028050937020948
2067,Portugal,677000000000.0,9151646.0,620,4.028050937020948
2068,Portugal,683000000000.0,9119965.5,620,4.028050937020948
2069,Portugal,688000000000.0,9089207.0,620,4.028050937020948
2070,Portugal,694000000000.0,9060609.5,620,3.273852222927513
2071,Portugal,699000000000.0,9033657.0,620,3.273852222927513
2072,Portugal,704000000000.0,9009126.0,620,3.4079488241208318
2073,Portugal,709000000000.0,8985902.5,620,3.4079488241208318
2074,Portugal,714000000000.0,8962890.5,620,3.4079488241208318
2075,Portugal,718000000000.0,8942124.5,620,3.4079488241208318
2076,Portugal,723000000000.0,8923471.5,620,3.4178845025111815
2077,Portugal,727000000000.0,8907083.5,620,3.4178845025111815
2078,Portugal,731000000000.0,8892950.5,620,3.4178845025111815
2079,Portugal,736000000000.0,8879963.0,620,3.4178845025111815
2080,Portugal,740000000000.0,8868423.5,620,3.430769629473532
2081,Portugal,744000000000.0,8857978.0,620,3.430769629473532
2082,Portugal,748000000000.0,8848868.5,620,3.299297405946295
2083,Portugal,752000000000.0,8841732.0,620,3.299297405946295
2084,Portugal,756000000000.0,8835313.5,620,3.299297405946295
2085,Portugal,759000000000.0,8829356.5,620,3.3125480656717077
2086,Portugal,763000000000.0,8824406.0,620,3.3125480656717077
2087,Portugal,766000000000.0,8819026.5,620,3.3125480656717077
2088,Portugal,770000000000.0,8813661.5,620,3.3125480656717077
2089,Portugal,773000000000.0,8809077.5,620,3.840954480828948
2090,Portugal,777000000000.0,8804662.5,620,3.840954480828948
2091,Portugal,779000000000.0,8800534.5,620,3.840954480828948
2092,Portugal,782000000000.0,8795988.5,620,3.840954480828948
2093,Portugal,785000000000.0,8791063.5,620,3.840954480828948
2094,Portugal,788000000000.0,8786368.0,620,3.840954480828948
2095,Portugal,791000000000.0,8780287.5,620,3.840954480828948
2096,Portugal,793000000000.0,8773536.0,620,3.840954480828948
2097,Portugal,795000000000.0,8767898.5,620,3.840954480828948
2098,Portugal,797000000000.0,8763262.0,620,3.840954480828948
2099,Portugal,799000000000.0,8758703.5,620,3.840954480828948
2100,Portugal,801000000000.0,8753987.0,620,3.840954480828948
2061,Slovakia,334000000000.0,4600678.5,703,1.4408245763709142
2062,Slovakia,337000000000.0,4565665.5,703,1.4502775587747108
2063,Slovakia,340000000000.0,4530015.5,703,1.426836900641153
2064,Slovakia,343000000000.0,4493840.5,703,1.4333980460611293
2065,Slovakia,346000000000.0,4457251.0,703,1.4333980460611293
2066,Slovakia,349000000000.0,4420405.5,703,1.4333980460611293
2067,Slovakia,351000000000.0,4383301.5,703,1.4333980460611293
2068,Slovakia,354000000000.0,4345942.5,703,1.2778013485269577
2069,Slovakia,357000000000.0,4308542.0,703,1.2778013485269577
2070,Slovakia,360000000000.0,4271287.5,703,1.739416134579708
2071,Slovakia,362000000000.0,4234288.5,703,1.739416134579708
2072,Slovakia,365000000000.0,4197586.5,703,1.739416134579708
2073,Slovakia,367000000000.0,4161327.5,703,1.7183187835694018
2074,Slovakia,369000000000.0,4125693.0,703,1.7183187835694018
2075,Slovakia,372000000000.0,4090676.5,703,1.6178670451773982
2076,Slovakia,374000000000.0,4056328.0,703,1.6178670451773982
2077,Slovakia,376000000000.0,4022728.5,703,1.6178670451773982
2078,Slovakia,378000000000.0,3989986.0,703,1.6388472195567956
2079,Slovakia,380000000000.0,3958104.5,703,1.6388472195567956
2080,Slovakia,382000000000.0,3926992.5,703,1.6906471259043163
2081,Slovakia,384000000000.0,3896685.0,703,1.6906471259043163
2082,Slovakia,386000000000.0,3867209.0,703,1.6906471259043163
2083,Slovakia,387000000000.0,3838505.5,703,1.6906471259043163
2084,Slovakia,389000000000.0,3810537.5,703,1.6906471259043163
2085,Slovakia,391000000000.0,3783276.0,703,1.65661894040074
2086,Slovakia,393000000000.0,3756697.0,703,1.65661894040074
2087,Slovakia,395000000000.0,3730808.0,703,1.5921939327500763
2088,Slovakia,396000000000.0,3705542.0,703,1.5921939327500763
2089,Slovakia,398000000000.0,3680765.0,703,1.5921939327500763
2090,Slovakia,400000000000.0,3656440.0,703,1.575824893811948
2091,Slovakia,401000000000.0,3632534.0,703,1.575824893811948
2092,Slovakia,403000000000.0,3608978.5,703,1.575824893811948
2093,Slovakia,405000000000.0,3585745.0,703,1.5923620605143014
2094,Slovakia,406000000000.0,3562765.5,703,1.5923620605143014
2095,Slovakia,408000000000.0,3539974.0,703,1.5923620605143014
2096,Slovakia,410000000000.0,3517357.5,703,1.5923620605143014
2097,Slovakia,411000000000.0,3494822.5,703,1.5923620605143014
2098,Slovakia,413000000000.0,3472278.5,703,1.5923620605143014
2099,Slovakia,414000000000.0,3449757.5,703,1.5923620605143014
2100,Slovakia,416000000000.0,3427216.0,703,1.5923620605143014
2061,UK,6020000000000.0,76011257.5,826,69.8910183214689
2062,UK,6120000000000.0,76015722.5,826,69.8910183214689
2063,UK,6230000000000.0,76018826.0,826,69.8910183214689
2064,UK,6330000000000.0,76020153.0,826,69.8910183214689
2065,UK,6430000000000.0,76022078.5,826,69.8910183214689
2066,UK,6540000000000.0,76025915.0,826,69.8910183214689
2067,UK,6640000000000.0,76033051.5,826,69.8910183214689
2068,UK,6740000000000.0,76037173.0,826,69.8910183214689
2069,UK,6840000000000.0,76040922.5,826,69.8910183214689
2070,UK,6950000000000.0,76049084.5,826,69.8910183214689
2071,UK,7050000000000.0,76059257.5,826,69.8910183214689
2072,UK,7150000000000.0,76068383.0,826,69.8910183214689
2073,UK,7250000000000.0,76067629.0,826,72.79675822249195
2074,UK,7350000000000.0,76057432.5,826,72.79675822249195
2075,UK,7450000000000.0,76045531.5,826,72.79675822249195
2076,UK,7540000000000.0,76038090.0,826,72.79675822249195
2077,UK,7640000000000.0,76028116.0,826,72.79675822249195
2078,UK,7730000000000.0,76010108.0,826,72.79675822249195
2079,UK,7830000000000.0,75986572.0,826,72.79675822249195
2080,UK,7920000000000.0,75956251.0,826,72.79675822249195
2081,UK,8010000000000.0,75926700.5,826,72.79675822249195
2082,UK,8100000000000.0,75892776.5,826,72.79675822249195
2083,UK,8190000000000.0,75847664.0,826,72.79675822249195
2084,UK,8280000000000.0,75797776.5,826,72.79675822249195
2085,UK,8370000000000.0,75743276.0,826,72.79675822249195
2086,UK,8460000000000.0,75680069.5,826,72.79675822249195
2087,UK,8540000000000.0,75610809.5,826,72.79675822249195
2088,UK,8630000000000.0,75539628.0,826,72.79675822249195
2089,UK,8710000000000.0,75462724.0,826,72.79675822249195
2090,UK,8790000000000.0,75378279.0,826,72.79675822249195
2091,UK,8870000000000.0,75289987.0,826,72.79675822249195
2092,UK,8950000000000.0,75198446.5,826,72.79675822249195
2093,UK,9030000000000.0,75102910.0,826,72.79675822249195
2094,UK,9110000000000.0,75005766.0,826,72.79675822249195
2095,UK,9190000000000.0,74902636.5,826,72.79675822249195
2096,UK,9260000000000.0,74791791.0,826,72.79675822249195
2097,UK,9330000000000.0,74679074.5,826,72.79675822249195
2098,UK,9400000000000.0,74562973.5,826,72.79675822249195
2099,UK,9470000000000.0,74438679.0,826,80.94018437281085
2100,UK,9540000000000.0,74305411.0,826,80.94018437281085
2061,USA,36000000000000.0,389765293.5,840,94.7347361367661
2062,USA,36400000000000.0,390647521.5,840,94.7347361367661
2063,USA,36800000000000.0,391545618.5,840,94.7347361367661
2064,USA,37200000000000.0,392444228.0,840,94.7347361367661
2065,USA,37600000000000.0,393352609.0,840,94.7347361367661
2066,USA,38000000000000.0,394294349.5,840,94.7347361367661
2067,USA,38300000000000.0,395267226.0,840,94.7347361367661
2068,USA,38700000000000.0,396248285.5,840,94.7347361367661
2069,USA,39100000000000.0,397237405.0,840,94.7347361367661
2070,USA,39500000000000.0,398218088.0,840,94.7347361367661
2071,USA,39800000000000.0,399192919.5,840,94.7347361367661
2072,USA,40200000000000.0,400151803.5,840,94.7347361367661
2073,USA,40600000000000.0,401080532.5,840,94.7347361367661
2074,USA,41000000000000.0,401993348.0,840,94.7347361367661
2075,USA,41300000000000.0,402910163.0,840,94.7347361367661
2076,USA,41700000000000.0,403820926.0,840,94.7347361367661
2077,USA,42000000000000.0,404683462.0,840,94.7347361367661
2078,USA,42400000000000.0,405518702.0,840,94.7347361367661
2079,USA,42800000000000.0,406319929.5,840,94.7347361367661
2080,USA,43100000000000.0,407079816.0,840,94.7347361367661
2081,USA,43500000000000.0,407866284.5,840,94.7347361367661
2082,USA,43800000000000.0,408655860.5,840,94.7347361367661
2083,USA,44200000000000.0,409401659.0,840,94.7347361367661
2084,USA,44600000000000.0,410134666.5,840,94.7347361367661
2085,USA,44900000000000.0,410829984.5,840,94.7347361367661
2086,USA,45300000000000.0,411520086.5,840,94.7347361367661
2087,USA,45600000000000.0,412236776.5,840,94.7347361367661
2088,USA,45900000000000.0,412978780.0,840,94.7347361367661
2089,USA,46300000000000.0,413730741.0,840,94.7347361367661
2090,USA,46600000000000.0,414457640.0,840,94.7347361367661
2091,USA,47000000000000.0,415186389.0,840,94.7347361367661
2092,USA,47300000000000.0,415929000.0,840,94.7347361367661
2093,USA,47700000000000.0,416662126.5,840,94.7347361367661
2094,USA,48000000000000.0,417391615.5,840,94.7347361367661
2095,USA,48400000000000.0,418115527.5,840,94.7347361367661
2096,USA,48700000000000.0,418800097.5,840,94.7347361367661
2097,USA,49000000000000.0,419461017.0,840,94.7347361367661
2098,USA,49300000000000.0,420095820.0,840,94.7347361367661
2099,USA,49700000000000.0,420702888.0,840,94.7347361367661
2100,USA,50000000000000.0,421278889.5,840,94.7347361367661
2061,Argentina,1950000000000.0,47513476.5,32,7.083315097061672
2062,Argentina,2000000000000.0,47380747.5,32,6.814113410398544
2063,Argentina,2040000000000.0,47241187.5,32,6.3220466255700165
2064,Argentina,2090000000000.0,47095292.5,32,6.3220466255700165
2065,Argentina,2130000000000.0,46943412.0,32,6.38666721707573
2066,Argentina,2180000000000.0,46786073.5,32,6.38666721707573
2067,Argentina,2230000000000.0,46623479.5,32,6.369532641185585
2068,Argentina,2270000000000.0,46455030.0,32,6.369532641185585
2069,Argentina,2320000000000.0,46280512.5,32,6.369532641185585
2070,Argentina,2370000000000.0,46100474.5,32,6.3666687176732575
2071,Argentina,2420000000000.0,45914883.0,32,6.3666687176732575
2072,Argentina,2460000000000.0,45723826.0,32,6.3666687176732575
2073,Argentina,2510000000000.0,45527203.0,32,6.475481020179957
2074,Argentina,2560000000000.0,45324184.5,32,6.475481020179957
2075,Argentina,2610000000000.0,45115122.5,32,6.6731051993271295
2076,Argentina,2660000000000.0,44900127.5,32,6.6731051993271295
2077,Argentina,2710000000000.0,44679067.5,32,6.874993776858132
2078,Argentina,2760000000000.0,44451502.0,32,6.874993776858132
2079,Argentina,2810000000000.0,44217094.0,32,6.874993776858132
2080,Argentina,2860000000000.0,43976227.5,32,6.740968748432845
2081,Argentina,2910000000000.0,43728853.5,32,6.740968748432845
2082,Argentina,2960000000000.0,43474938.0,32,6.740968748432845
2083,Argentina,3010000000000.0,43214644.5,32,6.834555144637782
2084,Argentina,3070000000000.0,42948621.0,32,6.834555144637782
2085,Argentina,3120000000000.0,42677133.5,32,6.834555144637782
2086,Argentina,3170000000000.0,42400661.0,32,6.834555144637782
2087,Argentina,3220000000000.0,42120017.5,32,6.834555144637782
2088,Argentina,3280000000000.0,41835486.5,32,8.770306312648076
2089,Argentina,3330000000000.0,41547115.0,32,8.770306312648076
2090,Argentina,3380000000000.0,41255036.5,32,8.770306312648076
2091,Argentina,3430000000000.0,40959933.5,32,8.770306312648076
2092,Argentina,3490000000000.0,40662490.5,32,8.770306312648076
2093,Argentina,3540000000000.0,40363219.5,32,8.770306312648076
2094,Argentina,3600000000000.0,40062943.0,32,8.673569061237115
2095,Argentina,3650000000000.0,39761858.5,32,8.673569061237115
2096,Argentina,3700000000000.0,39460123.5,32,9.445373348274181
2097,Argentina,3760000000000.0,39158399.5,32,9.445373348274181
2098,Argentina,3810000000000.0,38857022.0,32,9.445373348274181
2099,Argentina,3870000000000.0,38556118.0,32,9.445373348274181
2100,Argentina,3920000000000.0,38255989.5,32,9.445373348274181
2061,Brazil,8990000000000.0,210170464.0,76,72.56614422524879
2062,Brazil,9230000000000.0,209264206.5,76,72.56614422524879
2063,Brazil,9460000000000.0,208321481.5,76,80.53628506149684
2064,Brazil,9700000000000.0,207347940.5,76,80.53628506149684
2065,Brazil,9930000000000.0,206343441.0,76,80.53628506149684
2066,Brazil,10200000000000.0,205306679.5,76,80.53628506149684
2067,Brazil,10400000000000.0,204242531.5,76,80.53628506149684
2068,Brazil,10700000000000.0,203151117.5,76,80.53628506149684
2069,Brazil,10900000000000.0,202033245.5,76,80.53628506149684
2070,Brazil,11100000000000.0,200893056.0,76,80.53628506149684
2071,Brazil,11400000000000.0,199730068.5,76,80.53628506149684
2072,Brazil,11600000000000.0,198546036.0,76,80.53628506149684
2073,Brazil,11900000000000.0,197343262.0,76,80.53628506149684
2074,Brazil,12100000000000.0,196125080.0,76,80.53628506149684
2075,Brazil,12400000000000.0,194895910.5,76,79.81027138823592
2076,Brazil,12600000000000.0,193656035.5,76,79.81027138823592
2077,Brazil,12800000000000.0,192404845.0,76,79.81027138823592
2078,Brazil,13100000000000.0,191143681.0,76,79.81027138823592
2079,Brazil,13300000000000.0,189874549.0,76,79.81027138823592
2080,Brazil,13600000000000.0,188598788.0,76,79.81027138823592
2081,Brazil,13800000000000.0,187316359.0,76,79.81027138823592
2082,Brazil,14100000000000.0,186029711.0,76,79.81027138823592
2083,Brazil,14300000000000.0,184743965.5,76,79.81027138823592
2084,Brazil,14600000000000.0,183460423.5,76,79.81027138823592
2085,Brazil,14800000000000.0,182177768.0,76,79.81027138823592
2086,Brazil,15000000000000.0,180894223.5,76,79.81027138823592
2087,Brazil,15300000000000.0,179611127.5,76,79.81027138823592
2088,Brazil,15500000000000.0,178330392.0,76,79.81027138823592
2089,Brazil,15800000000000.0,177054244.0,76,79.81027138823592
2090,Brazil,16000000000000.0,175780971.5,76,79.81027138823592
2091,Brazil,16200000000000.0,174510793.5,76,79.81027138823592
2092,Brazil,16500000000000.0,173245423.5,76,79.81027138823592
2093,Brazil,16700000000000.0,171986046.5,76,79.81027138823592
2094,Brazil,17000000000000.0,170732552.0,76,79.81027138823592
2095,Brazil,17200000000000.0,169483292.5,76,79.81027138823592
2096,Brazil,17400000000000.0,168241139.0,76,79.81027138823592
2097,Brazil,17700000000000.0,167006445.0,76,79.81027138823592
2098,Brazil,17900000000000.0,165782111.5,76,79.81027138823592
2099,Brazil,18100000000000.0,164569631.5,76,79.81027138823592
2100,Brazil,18400000000000.0,163364064.0,76,79.81027138823592
2061,Chile,957000000000.0,19430026.5,152,5.722316215670205
2062,Chile,973000000000.0,19318423.5,152,5.780788082057391
2063,Chile,988000000000.0,19201091.5,152,5.780788082057391
2064,Chile,1000000000000.0,19077781.0,152,5.780788082057391
2065,Chile,1020000000000.0,18951112.0,152,5.7702450884593945
2066,Chile,1040000000000.0,18820965.0,152,5.96385387980279
2067,Chile,1050000000000.0,18687548.5,152,5.96385387980279
2068,Chile,1070000000000.0,18552333.5,152,5.96813990416099
2069,Chile,1080000000000.0,18415486.0,152,5.96813990416099
2070,Chile,1100000000000.0,18276830.0,152,5.96813990416099
2071,Chile,1110000000000.0,18135293.0,152,5.96813990416099
2072,Chile,1130000000000.0,17992067.0,152,5.988728619393148
2073,Chile,1150000000000.0,17847738.5,152,5.967339924911724
2074,Chile,1160000000000.0,17700422.0,152,5.967339924911724
2075,Chile,1180000000000.0,17549405.5,152,5.967339924911724
2076,Chile,1190000000000.0,17395723.5,152,5.970932286480748
2077,Chile,1200000000000.0,17239828.5,152,5.975027733284626
2078,Chile,1220000000000.0,17081481.0,152,5.975027733284626
2079,Chile,1230000000000.0,16921161.0,152,6.001685203962214
2080,Chile,1250000000000.0,16758877.0,152,5.628985757539474
2081,Chile,1260000000000.0,16594885.5,152,5.628985757539474
2082,Chile,1270000000000.0,16430962.0,152,5.624271940691694
2083,Chile,1280000000000.0,16265892.5,152,5.628913932480848
2084,Chile,1300000000000.0,16098426.5,152,5.628913932480848
2085,Chile,1310000000000.0,15928819.5,152,5.628913932480848
2086,Chile,1320000000000.0,15757605.5,152,5.57513923050094
2087,Chile,1330000000000.0,15585567.0,152,5.57513923050094
2088,Chile,1340000000000.0,15412002.5,152,5.57513923050094
2089,Chile,1350000000000.0,15237933.0,152,5.578251015903798
2090,Chile,1360000000000.0,15064884.5,152,5.901767906008135
2091,Chile,1370000000000.0,14893262.5,152,5.901767906008135
2092,Chile,1380000000000.0,14723840.5,152,5.901767906008135
2093,Chile,1390000000000.0,14555966.0,152,5.901767906008135
2094,Chile,1400000000000.0,14389263.0,152,5.917623623536467
2095,Chile,1410000000000.0,14224297.5,152,5.917623623536467
2096,Chile,1420000000000.0,14061316.5,152,5.917623623536467
2097,Chile,1430000000000.0,13901091.5,152,5.917623623536467
2098,Chile,1430000000000.0,13742671.5,152,5.917623623536467
2099,Chile,1440000000000.0,13585685.0,152,5.917623623536467
2100,Chile,1450000000000.0,13430616.0,152,6.092868037219597
2061,China,62500000000000.0,1121174717.0,156,111.54456385317977
2062,China,63100000000000.0,1107207133.0,156,111.54456385317977
2063,China,63800000000000.0,1093276704.0,156,109.20764843925878
2064,China,64400000000000.0,1079407882.0,156,109.20764843925878
2065,China,65000000000000.0,1065632530.0,156,109.20764843925878
2066,China,65500000000000.0,1051989135.0,156,109.20764843925878
2067,China,66000000000000.0,1038472818.0,156,109.20764843925878
2068,China,66500000000000.0,1025103452.0,156,109.20764843925878
2069,China,67000000000000.0,1011878190.0,156,109.20764843925878
2070,China,67500000000000.0,998784319.0,156,109.20764843925878
2071,China,67900000000000.0,985806560.0,156,100.70889878939374
2072,China,68300000000000.0,972905671.0,156,100.70889878939374
2073,China,68700000000000.0,960055383.0,156,100.70889878939374
2074,China,69000000000000.0,947249416.5,156,100.70889878939374
2075,China,69400000000000.0,934466660.5,156,100.70889878939374
2076,China,69700000000000.0,921677629.5,156,100.70889878939374
2077,China,69900000000000.0,908874531.5,156,100.70889878939374
2078,China,70200000000000.0,896043788.5,156,100.70889878939374
2079,China,70500000000000.0,883166975.5,156,100.70889878939374
2080,China,70800000000000.0,870252344.0,156,100.70889878939374
2081,China,71000000000000.0,857328714.5,156,100.70889878939374
2082,China,71200000000000.0,844439196.5,156,100.70889878939374
2083,China,71400000000000.0,831604667.5,156,100.70889878939374
2084,China,71600000000000.0,818815356.5,156,100.70889878939374
2085,China,71800000000000.0,806115054.0,156,100.70889878939374
2086,China,71900000000000.0,793559254.0,156,100.70889878939374
2087,China,72100000000000.0,781153717.5,156,100.70889878939374
2088,China,72300000000000.0,768899132.5,156,100.70889878939374
2089,China,72400000000000.0,756809110.5,156,100.70889878939374
2090,China,72600000000000.0,744902836.5,156,100.70889878939374
2091,China,72700000000000.0,733179456.5,156,100.70889878939374
2092,China,72900000000000.0,721612750.5,156,100.70889878939374
2093,China,73000000000000.0,710185968.0,156,100.70889878939374
2094,China,73100000000000.0,698893770.5,156,100.70889878939374
2095,China,73200000000000.0,687724085.0,156,100.70889878939374
2096,China,73300000000000.0,676660877.0,156,100.70889878939374
2097,China,73400000000000.0,665695503.5,156,100.70889878939374
2098,China,73500000000000.0,654825389.0,156,100.70889878939374
2099,China,73500000000000.0,644049400.5,156,100.70889878939374
2100,China,73600000000000.0,633368112.5,156,100.70889878939374
2061,India,46700000000000.0,1701283707.0,356,116.08341591739507
2062,India,47900000000000.0,1701273211.0,356,116.08341591739507
2063,India,49100000000000.0,1700949862.0,356,116.08341591739507
2064,India,50300000000000.0,1700300211.0,356,116.08341591739507
2065,India,51500000000000.0,1699297227.0,356,116.08341591739507
2066,India,52800000000000.0,1697969498.0,356,116.08341591739507
2067,India,54000000000000.0,1696316154.0,356,116.08341591739507
2068,India,55200000000000.0,1694295580.0,356,116.08341591739507
2069,India,56400000000000.0,1691921452.0,356,116.08341591739507
2070,India,57600000000000.0,1689202540.0,356,116.08341591739507
2071,India,58800000000000.0,1686157650.0,356,116.08341591739507
2072,India,60000000000000.0,1682786825.0,356,116.08341591739507
2073,India,61300000000000.0,1679105607.0,356,116.08341591739507
2074,India,62500000000000.0,1675136968.0,356,116.08341591739507
2075,India,63700000000000.0,1670860308.0,356,116.08341591739507
2076,India,64800000000000.0,1666299927.0,356,116.08341591739507
2077,India,66000000000000.0,1661484931.0,356,116.08341591739507
2078,India,67200000000000.0,1656416560.0,356,116.08341591739507
2079,India,68300000000000.0,1651101286.0,356,116.08341591739507
2080,India,69500000000000.0,1645548761.0,356,116.08341591739507
2081,India,70600000000000.0,1639778180.0,356,116.08341591739507
2082,India,71700000000000.0,1633817741.0,356,116.08341591739507
2083,India,72900000000000.0,1627669471.0,356,116.08341591739507
2084,India,74000000000000.0,1621344018.0,356,116.08341591739507
2085,India,75100000000000.0,1614843929.0,356,116.08341591739507
2086,India,76100000000000.0,1608173606.0,356,116.08341591739507
2087,India,77200000000000.0,1601390982.0,356,116.08341591739507
2088,India,78300000000000.0,1594493061.0,356,116.08341591739507
2089,India,79300000000000.0,1587459179.0,356,116.08341591739507
2090,India,80400000000000.0,1580305097.0,356,116.08341591739507
2091,India,81400000000000.0,1573053552.0,356,116.08341591739507
2092,India,82400000000000.0,1565745949.0,356,116.08341591739507
2093,India,83400000000000.0,1558360380.0,356,116.08341591739507
2094,India,84400000000000.0,1550887932.0,356,116.08341591739507
2095,India,85400000000000.0,1543363232.0,356,116.08341591739507
2096,India,86400000000000.0,1535804565.0,356,116.08341591739507
2097,India,87300000000000.0,1528221481.0,356,116.08341591739507
2098,India,88300000000000.0,1520590140.0,356,116.08341591739507
2099,India,89300000000000.0,1512932637.0,356,116.08341591739507
2100,India,90200000000000.0,1505251761.0,356,116.08341591739507
2061,Indonesia,11300000000000.0,322428670.0,360,94.46207636132584
2062,Indonesia,11500000000000.0,322289858.5,360,94.46207636132584
2063,Indonesia,11700000000000.0,322118577.5,360,94.46207636132584
2064,Indonesia,11900000000000.0,321915634.0,360,94.46207636132584
2065,Indonesia,12100000000000.0,321681604.0,360,94.46207636132584
2066,Indonesia,12300000000000.0,321416624.5,360,94.46207636132584
2067,Indonesia,12500000000000.0,321119316.0,360,94.46207636132584
2068,Indonesia,12700000000000.0,320791342.0,360,94.46207636132584
2069,Indonesia,12900000000000.0,320434252.5,360,94.46207636132584
2070,Indonesia,13100000000000.0,320049797.0,360,94.46207636132584
2071,Indonesia,13300000000000.0,319638644.5,360,94.46207636132584
2072,Indonesia,13500000000000.0,319197976.0,360,94.46207636132584
2073,Indonesia,13700000000000.0,318724735.5,360,94.46207636132584
2074,Indonesia,13900000000000.0,318221159.0,360,94.46207636132584
2075,Indonesia,14100000000000.0,317686031.0,360,94.46207636132584
2076,Indonesia,14300000000000.0,317121278.0,360,94.46207636132584
2077,Indonesia,14500000000000.0,316525131.0,360,94.46207636132584
2078,Indonesia,14700000000000.0,315894336.5,360,94.46207636132584
2079,Indonesia,14900000000000.0,315232523.0,360,94.46207636132584
2080,Indonesia,15100000000000.0,314542594.0,360,94.46207636132584
2081,Indonesia,15200000000000.0,313826100.0,360,94.46207636132584
2082,Indonesia,15400000000000.0,313078657.5,360,94.46207636132584
2083,Indonesia,15600000000000.0,312299889.0,360,94.46207636132584
2084,Indonesia,15800000000000.0,311493133.0,360,94.46207636132584
2085,Indonesia,16000000000000.0,310660087.0,360,94.46207636132584
2086,Indonesia,16100000000000.0,309799725.0,360,94.46207636132584
2087,Indonesia,16300000000000.0,308911984.5,360,94.46207636132584
2088,Indonesia,16500000000000.0,308000775.5,360,94.46207636132584
2089,Indonesia,16600000000000.0,307068165.0,360,94.46207636132584
2090,Indonesia,16800000000000.0,306110861.0,360,94.46207636132584
2091,Indonesia,16900000000000.0,305129526.0,360,94.46207636132584
2092,Indonesia,17100000000000.0,304125654.5,360,94.46207636132584
2093,Indonesia,17200000000000.0,303100459.5,360,94.46207636132584
2094,Indonesia,17400000000000.0,302058796.5,360,94.46207636132584
2095,Indonesia,17500000000000.0,301004180.5,360,94.46207636132584
2096,Indonesia,17700000000000.0,299933843.0,360,94.46207636132584
2097,Indonesia,17800000000000.0,298845929.0,360,96.76905816048112
2098,Indonesia,18000000000000.0,297745359.5,360,96.76905816048112
2099,Indonesia,18100000000000.0,296633418.0,360,96.76905816048112
2100,Indonesia,18200000000000.0,295511061.0,360,96.76905816048112
2061,Israel,1190000000000.0,14739874.5,376,5.3998094960777046
2062,Israel,1210000000000.0,14880662.0,376,5.3998094960777046
2063,Israel,1240000000000.0,15023187.0,376,5.426466966755293
2064,Israel,1260000000000.0,15163525.5,376,5.067259794431731
2065,Israel,1290000000000.0,15301588.5,376,5.066277735532212
2066,Israel,1320000000000.0,15439925.0,376,5.028906427717263
2067,Israel,1340000000000.0,15577460.5,376,5.028906427717263
2068,Israel,1370000000000.0,15716200.0,376,5.36669394687629
2069,Israel,1400000000000.0,15856798.5,376,5.3816604917314255
2070,Israel,1420000000000.0,15999337.5,376,5.3816604917314255
2071,Israel,1450000000000.0,16139528.5,376,5.64162596086947
2072,Israel,1480000000000.0,16271452.5,376,5.64162596086947
2073,Israel,1500000000000.0,16399970.5,376,5.64162596086947
2074,Israel,1530000000000.0,16532682.0,376,5.781231556180011
2075,Israel,1560000000000.0,16668315.0,376,5.781231556180011
2076,Israel,1590000000000.0,16804713.5,376,5.88795951946004
2077,Israel,1610000000000.0,16944998.0,376,5.88795951946004
2078,Israel,1640000000000.0,17089056.0,376,5.906668494526411
2079,Israel,1670000000000.0,17230992.5,376,5.916291068276278
2080,Israel,1700000000000.0,17373658.5,376,5.9121956214724
2081,Israel,1730000000000.0,17514309.0,376,5.9121956214724
2082,Israel,1750000000000.0,17648951.0,376,5.616766671150762
2083,Israel,1780000000000.0,17782617.0,376,5.616766671150762
2084,Israel,1810000000000.0,17918783.0,376,5.674971977962487
2085,Israel,1840000000000.0,18053884.0,376,5.7738266345175875
2086,Israel,1870000000000.0,18185050.5,376,5.7738266345175875
2087,Israel,1900000000000.0,18312026.0,376,5.7738266345175875
2088,Israel,1930000000000.0,18433979.5,376,5.7311828223453105
2089,Israel,1960000000000.0,18550692.0,376,5.7311828223453105
2090,Israel,1980000000000.0,18667495.5,376,5.7311828223453105
2091,Israel,2010000000000.0,18787566.0,376,5.494204863539275
2092,Israel,2040000000000.0,18906975.0,376,5.494204863539275
2093,Israel,2070000000000.0,19025280.5,376,5.490092988874072
2094,Israel,2100000000000.0,19138978.5,376,5.490092988874072
2095,Israel,2130000000000.0,19246831.0,376,5.553286175553959
2096,Israel,2170000000000.0,19353020.0,376,5.553286175553959
2097,Israel,2200000000000.0,19454950.0,376,5.553286175553959
2098,Israel,2230000000000.0,19551804.5,376,5.541548890050539
2099,Israel,2260000000000.0,19649861.5,376,5.541548890050539
2100,Israel,2290000000000.0,19747040.0,376,5.541548890050539
2061,Saudi Arabia,4270000000000.0,53169089.5,682,13.3737998094262
2062,Saudi Arabia,4300000000000.0,53656775.5,682,13.3737998094262
2063,Saudi Arabia,4340000000000.0,54141962.5,682,13.3737998094262
2064,Saudi Arabia,4370000000000.0,54624837.5,682,26.538311233603682
2065,Saudi Arabia,4400000000000.0,55105205.0,682,26.538311233603682
2066,Saudi Arabia,4430000000000.0,55583124.5,682,26.538311233603682
2067,Saudi Arabia,4460000000000.0,56058191.5,682,26.538311233603682
2068,Saudi Arabia,4490000000000.0,56530193.5,682,26.067407288564315
2069,Saudi Arabia,4510000000000.0,56998458.0,682,25.993865980445978
2070,Saudi Arabia,4540000000000.0,57462528.5,682,25.993865980445978
2071,Saudi Arabia,4560000000000.0,57923095.5,682,25.993865980445978
2072,Saudi Arabia,4580000000000.0,58380747.0,682,25.993865980445978
2073,Saudi Arabia,4610000000000.0,58835325.5,682,25.993865980445978
2074,Saudi Arabia,4630000000000.0,59286903.0,682,25.993865980445978
2075,Saudi Arabia,4650000000000.0,59736268.5,682,25.993865980445978
2076,Saudi Arabia,4670000000000.0,60183930.0,682,25.993865980445978
2077,Saudi Arabia,4690000000000.0,60630103.5,682,25.993865980445978
2078,Saudi Arabia,4710000000000.0,61075268.0,682,26.014544989298436
2079,Saudi Arabia,4730000000000.0,61520208.0,682,26.014544989298436
2080,Saudi Arabia,4750000000000.0,61965386.0,682,26.014544989298436
2081,Saudi Arabia,4760000000000.0,62411271.5,682,26.014544989298436
2082,Saudi Arabia,4780000000000.0,62857804.5,682,26.014544989298436
2083,Saudi Arabia,4800000000000.0,63304716.5,682,26.014544989298436
2084,Saudi Arabia,4810000000000.0,63752398.5,682,26.014544989298436
2085,Saudi Arabia,4830000000000.0,64200983.0,682,26.014544989298436
2086,Saudi Arabia,4840000000000.0,64651034.5,682,26.014544989298436
2087,Saudi Arabia,4860000000000.0,65102909.5,682,26.014544989298436
2088,Saudi Arabia,4870000000000.0,65556060.0,682,26.014544989298436
2089,Saudi Arabia,4890000000000.0,66009928.5,682,26.014544989298436
2090,Saudi Arabia,4900000000000.0,66465149.0,682,26.014544989298436
2091,Saudi Arabia,4910000000000.0,66922028.0,682,26.014544989298436
2092,Saudi Arabia,4920000000000.0,67379603.5,682,26.014544989298436
2093,Saudi Arabia,4930000000000.0,67837060.5,682,26.014544989298436
2094,Saudi Arabia,4950000000000.0,68293698.5,682,26.014544989298436
2095,Saudi Arabia,4960000000000.0,68749557.5,682,26.014544989298436
2096,Saudi Arabia,4970000000000.0,69204848.0,682,25.89224866171731
2097,Saudi Arabia,4970000000000.0,69658502.0,682,25.89224866171731
2098,Saudi Arabia,4980000000000.0,70109978.5,682,25.89224866171731
2099,Saudi Arabia,4990000000000.0,70559391.5,682,25.89224866171731
2100,Saudi Arabia,5000000000000.0,71006690.5,682,25.89224866171731
2061,South Africa,2270000000000.0,83818397.5,710,8.165516803033796
2062,South Africa,2330000000000.0,84187506.0,710,8.165516803033796
2063,South Africa,2400000000000.0,84556165.0,710,8.159689979000753
2064,South Africa,2460000000000.0,84918442.0,710,8.159689979000753
2065,South Africa,2530000000000.0,85261576.5,710,8.201497938149995
2066,South Africa,2600000000000.0,85591617.0,710,8.363648944778642
2067,South Africa,2660000000000.0,85916396.5,710,8.363648944778642
2068,South Africa,2730000000000.0,86231080.5,710,8.590420422772562
2069,South Africa,2800000000000.0,86539583.0,710,8.590420422772562
2070,South Africa,2870000000000.0,86857023.0,710,8.45993149899181
2071,South Africa,2940000000000.0,87183487.5,710,8.45993149899181
2072,South Africa,3010000000000.0,87486535.0,710,8.331877019969374
2073,South Africa,3080000000000.0,87766053.5,710,8.331877019969374
2074,South Africa,3150000000000.0,88046049.5,710,8.331877019969374
2075,South Africa,3230000000000.0,88323147.0,710,8.331877019969374
2076,South Africa,3300000000000.0,88589554.5,710,10.042912824844997
2077,South Africa,3380000000000.0,88858009.0,710,10.042912824844997
2078,South Africa,3450000000000.0,89132767.0,710,10.042912824844997
2079,South Africa,3520000000000.0,89403956.0,710,10.042912824844997
2080,South Africa,3600000000000.0,89674092.5,710,10.042912824844997
2081,South Africa,3680000000000.0,89944244.0,710,12.749098701654304
2082,South Africa,3750000000000.0,90208634.5,710,12.749098701654304
2083,South Africa,3830000000000.0,90469061.5,710,12.749098701654304
2084,South Africa,3910000000000.0,90721519.0,710,12.749098701654304
2085,South Africa,3990000000000.0,90957535.5,710,12.749098701654304
2086,South Africa,4070000000000.0,91196448.5,710,12.749098701654304
2087,South Africa,4150000000000.0,91444345.5,710,12.749098701654304
2088,South Africa,4230000000000.0,91687476.0,710,12.749098701654304
2089,South Africa,4310000000000.0,91926609.5,710,12.749098701654304
2090,South Africa,4390000000000.0,92160724.0,710,27.316510930468304
2091,South Africa,4470000000000.0,92399701.5,710,27.316510930468304
2092,South Africa,4550000000000.0,92635393.5,710,27.316510930468304
2093,South Africa,4630000000000.0,92860583.5,710,27.316510930468304
2094,South Africa,4710000000000.0,93085412.0,710,27.316510930468304
2095,South Africa,4790000000000.0,93300481.5,710,27.316510930468304
2096,South Africa,4880000000000.0,93502147.5,710,27.316510930468304
2097,South Africa,4960000000000.0,93695465.5,710,27.316510930468304
2098,South Africa,5040000000000.0,93893514.0,710,27.316510930468304
2099,South Africa,5120000000000.0,94101365.5,710,27.316510930468304
2100,South Africa,5210000000000.0,94314448.0,710,27.316510930468304
2061,Bulgaria,300000000000.0,4878500.5,100,2.1478437536378
2062,Bulgaria,303000000000.0,4830916.5,100,2.1478437536378
2063,Bulgaria,306000000000.0,4783586.5,100,2.181528987250161
2064,Bulgaria,308000000000.0,4736305.0,100,2.181528987250161
2065,Bulgaria,311000000000.0,4689240.0,100,2.186924652197494
2066,Bulgaria,314000000000.0,4642625.0,100,2.186924652197494
2067,Bulgaria,316000000000.0,4596676.5,100,2.0858165661611023
2068,Bulgaria,319000000000.0,4551628.5,100,2.0858165661611023
2069,Bulgaria,321000000000.0,4507403.5,100,2.0858165661611023
2070,Bulgaria,324000000000.0,4463711.0,100,2.0963131422461507
2071,Bulgaria,326000000000.0,4420781.5,100,2.0963131422461507
2072,Bulgaria,328000000000.0,4378825.0,100,2.0963131422461507
2073,Bulgaria,331000000000.0,4337610.5,100,2.1170244249458645
2074,Bulgaria,333000000000.0,4297012.5,100,2.1170244249458645
2075,Bulgaria,336000000000.0,4257602.5,100,2.1264774073496606
2076,Bulgaria,338000000000.0,4219621.0,100,2.1264774073496606
2077,Bulgaria,340000000000.0,4182529.5,100,2.110117261518228
2078,Bulgaria,343000000000.0,4146349.5,100,2.1166784069382043
2079,Bulgaria,345000000000.0,4111021.0,100,2.1166784069382043
2080,Bulgaria,348000000000.0,4076462.5,100,2.1166784069382043
2081,Bulgaria,350000000000.0,4043363.5,100,2.117163391823054
2082,Bulgaria,353000000000.0,4011530.0,100,2.117163391823054
2083,Bulgaria,355000000000.0,3980550.0,100,2.117163391823054
2084,Bulgaria,358000000000.0,3950392.0,100,2.651767616860238
2085,Bulgaria,360000000000.0,3920958.5,100,2.651767616860238
2086,Bulgaria,363000000000.0,3892425.5,100,2.651767616860238
2087,Bulgaria,366000000000.0,3864743.0,100,2.647870704617021
2088,Bulgaria,369000000000.0,3837896.0,100,2.647870704617021
2089,Bulgaria,372000000000.0,3811654.0,100,2.6258933503444535
2090,Bulgaria,374000000000.0,3785849.5,100,2.6258933503444535
2091,Bulgaria,377000000000.0,3760385.0,100,2.646873524723851
2092,Bulgaria,381000000000.0,3735003.0,100,2.646873524723851
2093,Bulgaria,384000000000.0,3709665.5,100,2.7164079237399994
2094,Bulgaria,387000000000.0,3684337.0,100,2.7164079237399994
2095,Bulgaria,390000000000.0,3659087.5,100,2.7071742617285155
2096,Bulgaria,393000000000.0,3633686.5,100,2.7071742617285155
2097,Bulgaria,396000000000.0,3608077.5,100,2.6503464925701015
2098,Bulgaria,400000000000.0,3582562.5,100,2.633977453631973
2099,Bulgaria,403000000000.0,3556978.5,100,2.633977453631973
2100,Bulgaria,406000000000.0,3531197.5,100,2.633977453631973
2061,Romania,300000000000.0,14635769.0,642,2.4209110083344885
2062,Romania,303000000000.0,14502742.5,642,2.4209110083344885
2063,Romania,306000000000.0,14370766.0,642,2.4209110083344885
2064,Romania,308000000000.0,14240312.5,642,2.4209110083344885
2065,Romania,311000000000.0,14110663.5,642,2.468452643539943
2066,Romania,314000000000.0,13983436.5,642,2.468452643539943
2067,Romania,316000000000.0,13859610.5,642,2.541695170423872
2068,Romania,319000000000.0,13738884.5,642,2.541695170423872
2069,Romania,321000000000.0,13620624.5,642,2.549639415141744
2070,Romania,324000000000.0,13504411.5,642,2.6096694947570125
2071,Romania,326000000000.0,13390696.5,642,2.6096694947570125
2072,Romania,328000000000.0,13279476.0,642,2.6096694947570125
2073,Romania,331000000000.0,13171536.5,642,2.587811767806481
2074,Romania,333000000000.0,13066168.5,642,2.587811767806481
2075,Romania,336000000000.0,12962630.0,642,2.5642136101447357
2076,Romania,338000000000.0,12861113.0,642,2.5642136101447357
2077,Romania,340000000000.0,12761159.0,642,2.637919325724052
2078,Romania,343000000000.0,12662734.5,642,2.644480471144028
2079,Romania,345000000000.0,12565884.5,642,2.644480471144028
2080,Romania,348000000000.0,12470346.0,642,2.644480471144028
2081,Romania,350000000000.0,12376340.5,642,2.644480471144028
2082,Romania,353000000000.0,12284928.0,642,2.5680439676338165
2083,Romania,355000000000.0,12195339.5,642,2.5531442681032144
2084,Romania,358000000000.0,12106780.0,642,3.0980267543037665
2085,Romania,360000000000.0,12019755.0,642,3.0980267543037665
2086,Romania,363000000000.0,11933497.0,642,3.0980267543037665
2087,Romania,366000000000.0,11848517.0,642,3.0980267543037665
2088,Romania,369000000000.0,11764994.5,642,3.0980267543037665
2089,Romania,372000000000.0,11681725.5,642,3.095708848409629
2090,Romania,374000000000.0,11598357.0,642,3.095708848409629
2091,Romania,377000000000.0,11515528.0,642,3.1166890227890263
2092,Romania,381000000000.0,11433199.0,642,3.1166890227890263
2093,Romania,384000000000.0,11350370.0,642,3.1416296770869514
2094,Romania,387000000000.0,11267855.5,642,3.1416296770869514
2095,Romania,390000000000.0,11185525.5,642,3.107601491583375
2096,Romania,393000000000.0,11102768.0,642,3.107601491583375
2097,Romania,396000000000.0,11019835.0,642,3.0678356854013624
2098,Romania,400000000000.0,10936474.5,642,3.051466646463234
2099,Romania,403000000000.0,10852571.5,642,3.051466646463234
2100,Romania,406000000000.0,10768185.0,642,3.051466646463234
