Year,Australia,Austria,Belgium,Canada,Czechia,Denmark,Finland,France,Germany ,Greece,Hungary ,Iceland,Ireland,Italy,Japan,Korea,Luxembourg,Mexico,Netherlands,New Zealand,Norway,Poland,Portugal,Slovakia,UK,USA,Argentina,Brazil,Chile,China,Colombia ,India,Indonesia,Israel,Saudi Arabia,South Africa,Bulgaria,Romania,Global
1960,10280813,7047274,9102171,17898790,9541605,4579342.5,4429624,46428133.5,72811640.5,8384491.5,9983374,175560.5,2827689.5,49514555,96399753.5,26115379.5,313877.5,36724614.5,11486911,2379480.5,3581121,29575966,8873218,4124442,52538548.5,180274555,20386045,72388126.5,8153350,654802068.5,15606209,435990338,88296070,1891934.5,2435403.5,16440171.5,7862926.5,18313495,3015470895
1961,10500443,7086057.5,9158211,18263074.5,9573390,4611360.5,4460995,46893835,73376115.5,8447002,10026513.5,178997.5,2824692.5,49815249.5,97217593.5,26852951,316342,37890118,11639365,2429747,3609656.5,29979688.5,8888374.5,4185342,52884948.5,183489485,20726276,74605447.5,8324802.5,655773486,16095203,446564728.5,90791249,1956884.5,2526346.5,16908035,7938300,18422514,3064869675
1962,10707236,7129579,9217669,18613600.5,9597459.5,4647467,4491730.5,47352622.5,73997003,8473376,10058066,182341,2831495.5,50170589.5,98076405.5,27509237,319651.5,39129200.5,11807551,2484405,3638841,30338086.5,8895776,4235790,53272830.5,186724272.5,21072538.5,76865323.5,8497059.5,665073690.5,16599028.5,457283089.5,93375850,2040961,2620910.5,17418522.5,8008325,18511669.5,3123374315
1963,10913265,7175493.5,9275196.5,18964261.5,9627330.5,4684265.5,4523898.5,47817824,74698009.5,8488375,10083841,185643,2843034,50570976.5,98958231,28145540,322848,40424064.5,11969156,2538114.5,3666498,30674020,8898302,4278462.5,53652936,189825226.5,21421705,79164234.5,8670144,684552645.5,17113823.5,468138575,96051424,2135041,2719341.5,17954564,8073731,18587430,3192807828
1964,11128250.5,7223394.5,9337684.5,19321666,9668746.5,4721891,4549087,48319087,75313485,8504002,10114371,189026,2857166.5,51019578.5,99890178,28744977,326232.5,41772049,12131884.5,2588769.5,3694320,30993135,8895763.5,4323292,54009134.5,192819452,21769453.5,81488594.5,8842525.5,704798265,17637411,479229598,98833748.5,2231855,2821967.5,18511361.5,8140084.5,18655401.5,3264487340
1965,11357477,7270415,9399857.5,19685518,9706847.5,4758836,4564150.5,48772830,75966964,8521363,10141119,192333,2873152.5,51480727.5,100916019.5,29284337.5,329702.5,43174477,12301125,2636493.5,3723172,31288335.5,8889625,4365047.5,54359020.5,195653774,22112629.5,83817582.5,9012938,723415733,18169049.5,490140146,101365130.5,2331451,2928771,19089380.5,8202416.5,18713054,3334533704
1966,11592485,7321518.5,9455002.5,20053671,9736239,4797206.5,4581441.5,49184656,76611031,8579991.5,10170404.5,195596,2888887,51919067,101887835,29845940.5,333077,44629106,12464288.5,2682582.5,3752788.5,31568284,8872479.5,4402202,54676344,198265406,22453892.5,86139358.5,9181722.5,742402213,18702687.5,500740247,103792753.5,2433835,3039887.5,19690086.5,8258785.5,18776259,3404041125
1967,11810519,7376289,9505919.5,20408779.5,9758982.5,4835217.5,4606649.5,49574909,76970791,8655156.5,10206810.5,198783,2905420,52338334,102965527.5,30495728,335517.5,46129608,12607833.5,2723419.5,3784110,31828630.5,8845841.5,4436104,54973661,200699911.5,22799059,88446123.5,9348939,761026026,19235617.5,511606371.5,106526393,2538657,3157242,20314065.5,8311124,18998555,3473412880
1968,12030013,7414623.5,9549699.5,20734171.5,9775113,4864796,4627345.5,49947251,77321279,8717917,10244544,201504,2922794.5,52712155.5,104237471,31175290,337007,47668303,12740845.5,2754525.5,3816088,32078387.5,8809704.5,4466440,55240645.5,203011019.5,23150583,90741240,9514716,781011024.5,19766796,522716888.5,109450006,2645470,3282710.5,20957287,8370638,19361055,3545187251
1969,12272380.5,7440301.5,9589187.5,21037618,9787788.5,4891799,4624084,50355295,77944020.5,8747072.5,10281589,203377,2940752.5,53060137,105475169.5,31852761,338263,49233193.5,12890635.5,2784399.5,3847304,32322775,8754238.5,4495038,55456206.5,205300032.5,23508711,93045776.5,9680282,802140332,20291942,533880543.5,112517639,2754157,3417114,21614676,8435276.5,19701808,3619491580
1970,12599411,7466319,9630504.5,21440022,9801251.5,4928668.5,4606305,50813075,78205102.5,8747776,10315143,204478.5,2961403.5,53390235.5,106712368,32542197,339332,50814953,13052078,2822177.5,3875345.5,32542633.5,8669523.5,4525871,55663801,207796339,23878327,95375651,9845344,823308967,20811782,545864268,115657494.5,2864777.5,3562469.5,22279984,8490824.5,20011624.5,3694683794
1971,12997964,7499634.5,9666531,21895691,9822779,4963062,4612127.5,51293059,78345872,8787037.5,10343969,206160.5,2993120.5,53707794.5,107952029.5,33239853,341956,52412558,13208354.5,2867165,3902751.5,32771296,8685582,4560418,55890372,210426431.5,24257208,97739273.5,10009701,844069867,21319096.5,558096387.5,118833702.5,2977300,3724031,22942143,8538898,20293482.5,3769847866
1972,13304896,7543259,9694853,22230880.5,9858068,4991573,4639548.5,51743873.5,78719918.5,8849378,10374303.5,209203.5,3037153,54067562.5,109238955,33936465.5,346072.5,54030168,13342772,2919257.5,3932908.5,33041996,8815597,4599799.5,56079239,212842572.5,24644328,100146797,10174678,863677814,21819563,570482141.5,122039841,3079401,3905721.5,23609456,8579912.5,20555576,3844917680
1973,13518685,7585105.5,9718035,22512226.5,9906210,5021755.5,4665914.5,52162210,78966971.5,8893400,10407439,212380.5,3084434.5,54450567,110614736.5,34625849.5,349201,55667284,13453743.5,2978987.5,3960593,33333274,8939236.5,4643676.5,56188791.5,215006551,25046005,102600975.5,10340361.5,882576946,22325374,583465597.5,125288515,3163044.5,4106344,24294263,8624800.5,20798323.5,3920805042
1974,13719494.5,7597966.5,9735806,22824082,9965948.5,5045632.5,4690355,52504737.5,78996692.5,8929114,10453913,215265.5,3132177.5,54821113.5,112009694,35287837,351425.5,57320149.5,13559669.5,3041231,3985279.5,33642461.5,9059176,4690645,56224549.5,217076476.5,25461350.5,105089675.5,10505817,900307582,22833469,597041391,128555044.5,3239981,4323632.5,24989108.5,8682755,21033552,3996416096
1975,13893989,7577830,9748476,23148986.5,10030774.5,5060400.5,4711168,52746325,78701865,9016966.5,10515652,218028,3180118.5,55166045,113321196,35875742.5,353680.5,58982400,13680035.5,3094032,4007365.5,33964399,9182302.5,4739165.5,56220142.5,219129301,25874107.5,107619565,10671559.5,916116793,23344644.5,611309535,131843847.5,3318089,4556287,25690940,8723148.5,21268070,4070735278
1976,14046755,7564457,9758901,23455781,10092938,5072804.5,4725336.5,52959112.5,78364505,9160209,10573771.5,220190,3228401.5,55459415.5,114502795.5,36379925,355871.5,60645511.5,13786637,3126632.5,4026219.5,34296606.5,9310256,4788509.5,56201138,221168757.5,26282283,110213349,10838251,930372292.5,23858810.5,625861883,135173655.5,3398267,4807933,26395450,8759437.5,21497683.5,4144246378
1977,14203508.5,7567335.5,9774014,23730340,10149365.5,5088571.5,4738584.5,53197137.5,78185559,9282021,10623139.5,221834,3277756,55714555,115574277,36843637,358244.5,62308493.5,13868604.5,3140132.5,4043261.5,34628512,9438167,4837712,56175829.5,223259419,26701805,112875292.5,11005519,943546374.5,24393494,640801103,138533541,3479618,5083048,27118952,8804686,21700177.5,4217863796
1978,14367098,7561204.5,9791817,23978738.5,10200749.5,5104343.5,4752246,53429668,78115359.5,9389966.5,10660188,223572,3329183,55938965.5,116576944.5,37281935,361046.5,63979046.5,13953920.5,3142243.5,4058673.5,34934213,9556395,4885727.5,56175556.5,225396096,27132157.5,115600942,11172695.5,956161484.5,24950336.5,655728229,141953163.5,3560395.5,5381902,27869507.5,8813746.5,21868066.5,4292097502
1979,14533035,7548341,9811365.5,24237172.5,10246156,5116858.5,4764439,53660895.5,78147901,9526003.5,10688252.5,225756,3375801,56132380,117521556,37710899,362894,65648865.5,14050169,3141600.5,4072500,35248386.5,9663302.5,4933446.5,56218763,227575083.5,27568895,118380820.5,11339778.5,969288069.5,25515626,671155746.5,145434833.5,3640874,5703698,28634162,8824992,22019623.5,4368539528
1980,14721347,7548406,9833092.5,24533776,10275403,5123081,4779349.5,53941061,78315375,9653414,10695366.5,228144.5,3415239.5,56412084.5,118358756,38141106.5,363705.5,67300334.5,14162686.5,3146327,4085603.5,35576519,9763624.5,4976655.5,56282103,229858655,28011596.5,121207460.5,11508550,983163542.5,26104497.5,687354025.5,148950539.5,3721665,6047997,29518857.5,8859536.5,22154771,4447606237
1981,14949202,7567556,9850669,24844973.5,10289513.5,5121629,4799848,54255012,78448040,9754402,10679329,230746.5,3448826.5,56646750,118994053.5,38689189,364485,68892108,14262689,3159839.5,4099671.5,35900913,9837586,5014958.5,56304591.5,232201617.5,28463959,124063109,11678716.5,997721071.5,26713267,703696249.5,152485034.5,3802237.5,6420551,30541044.5,8887801,22272789.5,4528777307
1982,15192485,7573078.5,9862327.5,25140164,10299008.5,5117893.5,4826882,54582407.5,78393674.5,9837470,10656116,233844.5,3475536,56719175.5,119485775,39356154.5,365056,70433259.5,14333900,3185123,4114736,36233460,9885838.5,5051807.5,56292754.5,234583151.5,28924261.5,126923155.5,11850214,1013588180,27338330.5,720313473,156052152.5,3883632,6824486.5,31615338.5,8912732,22374442.5,4612673421
1983,15414893,7561163,9869132,25412608,10302943.5,5114467.5,4855787.5,54889407.5,78224133.5,9911493,10622989,236963.5,3497607.5,56766111.5,119948946.5,40000941,365490,71971240,14396901,3219278.5,4128335.5,36573699,9925258,5086445.5,56332057.5,236986365,29391332,129790077,12026137.5,1029064956,27988173,737372680.5,159651381.5,3959629.5,7252941,32739304.5,8933325.5,22459207,4697327574
1984,15620653,7560714.5,9874586.5,25670375,10303818.5,5111830.5,4881825.5,55176619,77998198.5,9978782,10584328,239501.5,3515954.5,56810352.5,120384394,40598300.5,365897.5,73506846.5,14462807,3249828,4139972,36905800,9956895.5,5119386.5,56451313.5,239353967.5,29863093,132658863.5,12207732.5,1043849638,28642689.5,754875449,163251124,4033735,7697307,33892788,8952604,22533998.5,4782175519
1985,15835747.5,7564309,9880337.5,25927465.5,10305144.5,5113879.5,4902260.5,55467150,77863424,10037037,10547265,241402,3531270.5,56855500.5,120832163.5,41148963,366661,75043414,14538959,3268028,4152399.5,37200853,9979468.5,5151166,56606414.5,241690443.5,30336440.5,135515595.5,12395274.5,1059807821,29268470.5,772647793,166776185,4105359,8151779.5,35042093,8958854,22605820,4868943466
1986,16069633,7569395,9886983.5,26211031,10304373.5,5120688,4918255,55752833.5,77923807.5,10088762.5,10511098,243184,3541867.5,56875987.5,121366734.5,41718504.5,368405.5,76585637,14626493.5,3281508,4167252.5,37452610.5,9993093.5,5180088.5,56751922.5,243953807.5,30811980,138336370,12588913.5,1077233607,29879112.5,790689978,170175064.5,4168970.5,8628639,36180515,8963469,22674742.5,4958072838
1987,16322268.5,7574315.5,9899146.5,26540920.5,10303419,5127132.5,4932256.5,56048364,78062324,10134534.5,10475105,245854.5,3540380.5,56891926,121943587,42322091.5,370790,78136650.5,14724947,3299443,4186824,37665707.5,10001993,5205880,56886023.5,246161291,31291761.5,141104944,12790150.5,1096217446,30499467.5,808931270,173511154,4236869.5,9130194,37326190.5,8976204.5,22745591.5,5049746398
1988,16594099,7585342,9916564.5,26927944.5,10305449.5,5129640,4946628.5,56361848.5,78385992.5,10177006.5,10440531,249726.5,3525095.5,56928751,122476952.5,42922977,373782.5,79695531,14825923,3316026,4209469.5,37817864,10004589.5,5229676.5,57026546.5,248393235,31780532,143826357,12999423.5,1115244166,31130524,827342990,176855065.5,4307320,9629164.5,38480648.5,8985715,22815429.5,5141992542
1989,16869362,7620406.5,9936573,27366050,10305605,5132715,4964526.5,56685082,79007065,10218039,10403420.5,252850.5,3511070.5,56976755,122947413,43524767,377377.5,81247181.5,14921111,3333826,4226913,37938087.5,10001375.5,5249931.5,57182136,250675053,32270948,146502971.5,13215005,1133991008,31776278.5,846039529,180201629.5,4381510,10128393.5,39628575.5,8936380.5,22887640.5,5234431732
1990,17126298,7679624.5,9960968,27789442.5,10301988.5,5141025,4986575,56990238.5,79707959,10258487,10381281,254833.5,3514018,57031453.5,123399764.5,44081427,381700,82820170,15030878,3396978.5,4241439.5,38055455,9989524,5266078,57367862,253373387,32755901,149143223,13437176,1153582724,32440068.5,864972221.5,183501097.5,4544999,10640690.5,40746267.5,8822365,22939530,5327803110
1991,17353192.5,7757140,9998961,28157157.5,10304426.5,5154344.5,5013880,57271565,80303196,10306644,10378176,257812,3534260,57075393.5,123889870.5,44439150,386817,84430572.5,15155090,3480925.5,4261622.5,38152947,9969176.5,5284874,57555192,256471422.5,33230294,151724256,13662491,1170788528,33098372.5,883927600.5,186778238,4779889.5,11160744,41687898,8695797,22947413.5,5418735892
1992,17549288.5,7842712,10045987,28500059.5,10312448,5171367,5042148,57554870,80934898,10359894.5,10371474,261085,3558421,57124989.5,124383707.5,44653695,391963.5,86044809,15276785,3532244.5,4286260.5,38233640,9960339.5,5306436,57719271.5,259606019.5,33693527.5,154275078.5,13884577.5,1184574237,33760571.5,902957070,190043744,4957238,11686676.5,42443509,8559100.5,22912392.5,5505989816
1993,17722911,7907495.5,10084930.5,28830637,10320398,5188637,5066590,57801266.5,81486772.5,10412750.5,10356870,263754,3576122,57170763.5,124839958,44887723.5,397200,87653807.5,15389720,3573609.5,4311862,38294881.5,9972341.5,5326360,57861037,262633231,34152716.5,156794577,14102276,1197308575,34441473,922118387,193305167.5,5086045,12215862,43297156.5,8466533,22842250.5,5591544797
1994,17897433.5,7938155,10116005.5,29147381.5,10322329.5,5206189.5,5088458.5,57999866.5,81773616.5,10466259.5,10339937,266053.5,3590156.5,57420138,125286860.5,45130840.5,402590,89259204.5,15485449,3621030.5,4336467,38344312.5,9998486.5,5343231,58003203,265474810,34613491.5,159265006,14316256,1209003097,35127409.5,941163767.5,196591827.5,5216699.5,12750039.5,44004139.5,8416917.5,22756242.5,5675551256
1995,18095344.5,7950321.5,10137265,29459131.5,10312042.5,5233360,5107922.5,58192203,82019890.5,10519234.5,10322788,267510,3610697,57403343.5,125672665,45368425.5,408227,90862454.5,15565032.5,3674428.5,4358992.5,38364667,10031750.5,5354282,58154634.5,268205794.5,35070020,161735073.5,14527381.5,1220133928,35804662.5,960301043.5,199888057,5354738.5,13289245,44541554.5,8357574,22657723,5758878982
1996,18305307.5,7960914.5,10156969.5,29767205.5,10296128,5263068,5124716.5,58380641.5,82263189.5,10570080,10302235,268960,3638509,57162091.5,125975302,45638699.5,413776.5,92452702.5,15640027,3729378.5,4381134.5,38359170.5,10067649,5362428.5,58298565,270860696,35513792.5,164202549,14734045.5,1230944812,36462745,979678458.5,203204347.5,5499551.5,13831009,45123018,8291398,22541910,5842055734
1997,18504912.5,7969803.5,10181464,30059089,10280051,5285035,5139925,58568660,82389638,10622325,10278601.5,271184.5,3672292.5,57189274.5,126265929,45941536.5,418968.5,94021207,15723622,3776950,4404986.5,38348310,10110551.5,5369779.5,58447089,273468012.5,35947791.5,166661659,14932434.5,1241139622,37121149.5,999133761.5,206536095,5646473,14374943.5,45666838,8217102,22411512.5,5924787817
1998,18701717,7978465.5,10203181.5,30329969.5,10265426.5,5304262,5153548,58778816,82011939,10675409,10251716.5,274111.5,3711073.5,57215194.5,126549181,46230877.5,424154.5,95575245,15827107,3811371,4431313,38326436.5,10159525.5,5374796,58626819.5,276119332.5,36372860,169159655,15127799,1250847127,37792165,1018665080,209826788.5,5790140,14922185.5,46223880.5,8138194.5,22284900.5,6007066690
1999,18909981,7993892.5,10226681.5,30599455.5,10251378,5321809.5,5165516,59084210,81678287,10727950.5,10219795.5,277448,3752937.5,57240798.5,126801564,46500383,429897,97115706.5,15940184,3835554.5,4461787,38287712.5,10214871.5,5378104,58838657,278785484,36794682,171641543,15319312.5,1260176655,38454863,1038225823,213004668,5946080.5,15472074.5,46730335,8067462.5,22166159,6089006340
2000,19132471,8012928,10251717,30891803,10236804,5339658.5,5176201.5,59483716.5,81797258.5,10782635,10190599.5,281280,3802585,57272196.5,127027789,46766661,436132.5,98625552,16058759.5,3857574,4490867,38258071.5,10283204.5,5379999,59057338,281484130.5,37213984,174018281.5,15503635,1269581176,39089934,1057922733,216077790,6111190.5,16177722,47159718.5,8000519.5,22046261.5,6171702994
2001,19365433,8042232.5,10287004.5,31213577,10231936,5358828,5187971,59905127.5,81933884.5,10843163.5,10166690,285052.5,3862981,57305760.5,127260148,47043468,441751.5,100099099.5,16182705,3891762.5,4513657,38247356.5,10354324.5,5379437,59288090,284279638.5,37624825.5,176301203,15683849,1278725063,39709262.5,1077898575,219097901.5,6259982,17041397,47566800.5,7928452,21919917.5,6254936460
2002,19595355,8081636.5,10332973,31535577.5,10239468,5375959,5200546,60327248,82068326.5,10890285.5,10138465.5,287607,3928443,57420627.5,127484598,47299120.5,446388.5,101548624,16288051,3951118.5,4538014,38229408,10413044,5377687.5,59540763,287084338,38029349,178503483.5,15857925.5,1286866839,40324680,1097600381,222088495,6387719.5,17910909.5,48019415,7861942.5,21770016.5,6337730342
2003,19819454.5,8122602,10376260,31836482,10248912,5390620.5,5212955,60741125.5,82111615.5,10918471,10108963,289605,3992935,57739699,127671251.5,47514160.5,451838,102978515.5,16366912,4022586.5,4564669,38203524,10454245,5376196,59820385,289908099.5,38424282,180622688.5,16024751.5,1294517326,40937429,1116803006,225048007.5,6502820,18786766.5,48500348,7804409.5,21593450.5,6420361634
2004,20046677,8173491,10421292,32132677.5,10261449.5,5404598,5228148,61175246.5,82092708.5,10947365.5,10085791,292168.5,4066064.5,58176737.5,127815774,47697075.5,458295.5,104394131,16425565.5,4083910.5,4591742.5,38167572,10481381.5,5376038.5,60169967,292786253.5,38815915.5,182675143,16187321.5,1302100316,41543171.5,1135991514,227926649,6615087.5,19669480,48991420.5,7749430,21403217.5,6503377772
2005,20294490,8229204.5,10478885.5,32440173,10280152.5,5419554.5,5246082,61625032,82046730.5,10981333.5,10065706,296834.5,4155284,58519693,127913330.5,47851644,465363.5,105811504,16465710,4135006.5,4623124,38124379,10502993.5,5376695,60596108,295716663.5,39216789.5,184688101.5,16348777.5,1310027136,42128977,1154676322,230871650,6728206,20559890,49490032.5,7695049.5,21213387.5,6586970132
2006,20590559.5,8269898.5,10548442.5,32759171,10304588.5,5437420,5266246.5,62049837.5,81701971,11016103.5,10049943,303874,4268777.5,58754433,127997247.5,48006517.5,472866,107253665.5,16493851.5,4181940,4660494,38071167,10524120,5376846,61051094.5,298730209.5,39622115,186653105.5,16509194.5,1318054036,42691083.5,1172878890,233951652,6844031.5,21459144,49998277,7640294,21035732.5,6671452016
2007,20954548.5,8296952,10625492.5,33092171.5,10337543,5461607,5288710,62432439,81298542.5,11045736.5,10034081.5,311650.5,4393513,59108720,128087682,48178118.5,480270,108774360,16531357,4223265.5,4709010,38020421,10546824.5,5376999,61535854.5,301844225.5,40016763,188552320,16671580.5,1325813582,43235373.5,1190676021,237062337.5,6962455,22368312.5,50528583.5,7586888,20870716,6757308782
2008,21370588.5,8323252.5,10709707.5,33449085,10378292.5,5493763.5,5313377,62780190,81110776.5,11076872,10016657,317514.5,4485999.5,59561684,128155990,48356493,488990.5,110374288,16597258,4261824,4768101,37995902,10564080.5,5379120.5,62027306.5,304970332.5,40424148,190367301.5,16838988,1333821016,43758808.5,1207930964,240157903.5,7082620.5,23287877.5,51114598.5,7535591.5,20718742,6844457662
2009,21783011,8345065.5,10812935.5,33826370.5,10420984.5,5523173,5338856.5,63106463,80935283,11108069,10001378,318612,4533752,59904010.5,128192469.5,48546686.5,498186.5,111999721,16684150,4304304,4828622.5,38002155,10576267,5385072.5,62506225.5,308023454.5,40854831,192079950.5,17009730.5,1342522716,44271540.5,1225524753,243220028,7206096,24217653.5,51728516,7488011.5,20576926.5,6932766416
2010,22141580.5,8365091.5,10936625.5,34196898.5,10464035.5,5547862.5,5363350.5,63417362.5,80830924,11124670,9979128.5,318158,4559080,60164213,128185275,48769332.5,507410,113623895,16771235,4347770.5,4889162,38095351.5,10578660,5391851,63006483,311062790,41288693.5,193701929.5,17181464,1351561514,44777319,1243481564,246305322,7336735,25157128.5,52344051,7437598.5,20432574,7021732148
2011,22479775,8393270,11038631.5,34555452.5,10495511,5570849,5388241,63733777,80857873.5,11108843.5,9946676.5,319137,4579602.5,60367879.5,128096432.5,49127643.5,518584,115243503.5,16851057,4382700.5,4952968,38208642.5,10557052.5,5398108.5,63509285.5,314105078,41730660.5,195284734.5,17351815.5,1360250665,45259614,1261224955,249470032,7471022.5,26105645,52995205,7380025,20282011,7110923766
2012,22852644,8431601,11107518,34922516,10507335,5591916.5,5413971.5,64058465.5,80916390.5,11048297.5,9916623,320840.5,4600132,60531515,127928285,49599579.5,530947.5,116818208.5,16915193.5,4411676.5,5018457.5,38247867.5,10513150,5404871,63960484,317115354.5,42161721.5,196876111.5,17519119,1369520865,45715810,1278674503,252698525,7607780.5,27062442.5,53782566.5,7317013.5,20158452.5,7201202485
2013,23236270.5,8481406.5,11160276,35293432.5,10511162.5,5615332.5,5439053,64387734,81041581.5,10967540.5,9889346.5,323885.5,4624686.5,60653868.5,127723645.5,50071164.5,543353.5,118343573,16967063,4453851,5080124.5,38259262.5,10458297.5,5410421.5,64389388,320110759,42582455.5,198478299.5,17687006.5,1379008041,46151584.5,1295829511,255852466.5,7749379,28026825.5,54678791.5,7264599.5,20062921,7291793585
2014,23595600.5,8547817.5,11210119,35634263.5,10517225.5,5643794,5461684,64692492.5,81376080,10893166.5,9862842,327512.5,4658238.5,60664171.5,127486604.5,50539055.5,556279,119784261,17030088.5,4522983,5137395,38265113,10406198.5,5415230.5,64865916.5,323115377,43024071.5,200085127,17864195,1387951972,46565428.5,1312277192,258877399,7897179,28998128.5,55594838.5,7223449.5,19968174,7381616244
2015,23948002,8644038.5,11275334.5,35962234,10524416.5,5683701,5479717.5,64916336,82077550.5,10820902.5,9839211,330951.5,4702487,60575316,127275872.5,50983911.5,569536,121072306,17107433,4614029,5189771,38266314,10370267,5420278,65382110,326126496.5,43477012,201675532,18047625.5,1396134174,46969940.5,1328024498,261799249,8052908.5,29974938,56723536.5,7177517,19871019.5,7470491872
2016,24329963,8737915.5,11332700.5,36353343,10531948,5728201,5495469,65086855.5,82760102.5,10775504,9810532,335573.5,4753503,60478107.5,127159951,51297839,583506,122251350.5,17204693,4714770,5235983,38263265,10346372,5427259,65893358,329179426.5,43900313.5,203218113.5,18267221.5,1404052632,47437512,1343944296,264627418,8210005.5,30717808.5,57259551,7127434,19777050.5,7558554526
2017,24731038.5,8798777.5,11376580.5,36808496.5,10541341.5,5765168,5508396,65284776,83104007,10753533.5,9785604.5,343531.5,4810260.5,60390318,127064690,51486270.5,596495.5,123400057.5,17315370,4812751.5,5276802.5,38254958.5,10330844,5435700.5,66354471,332204659.5,44288894,204703445,18558867.5,1412354727,48131078,1359657400,267346658,8361796.5,30782402,57635162,7075635.5,19689401.5,7645617954
2018,25119705.5,8841650.5,11428605,37295005,10548937,5793824.5,5515736.5,65519542.5,83368505.5,10730843.5,9774393.5,352854,4872555.5,60277498.5,126913432.5,51640894,608101,124573711,17421279.5,4900847,5311752.5,38241070.5,10325353,5443232,66752475,335056497.5,44654881.5,206107260.5,18893191,1419008956,49024465.5,1374659064,269951846.5,8510066.5,30365120.5,58613000.5,7024745.5,19597872,7729902781
2019,25482714,8880876,11490618,37782934.5,10554875,5814618.5,5521759,65729459,83559186.5,10718575.5,9770346.5,360699.5,4933491,60130136,126699423.5,51767846,620163,125762982.5,17537507,4989402.5,5347730.5,38225884.5,10343213,5450625.5,67110958,337790066.5,44973465.5,207455459.5,19197744,1423520358,49907985,1389030312,272489381,8657474,30472811.5,59587885.5,6975469,19501542,7811293699
2020,25743791,8921405,11540107,38171902,10550129.5,5831530,5529612,65905277.5,83628708.5,10699369,9749456.5,366614,4982606.5,59912769,126304543,51858481.5,630597,126799054.5,17636731,5069895,5379273.5,38171012,10370519,5455023.5,67351861.5,339436158.5,45191964.5,208660842.5,19370624,1426106093,50629997.5,1402617696,274814865.5,8800376,30991207,60562381,6933652,19392469,7887001292
2021,25956417.5,8967056.5,11570843.5,38454057,10530682.5,5856776.5,5541075,66083547.5,83697082.5,10579561,9707849.5,372643.5,5028425.5,59729350,125679338,51848397.5,640274,127648147.5,17730563.5,5107696.5,5408090.5,38040301.5,10390955.5,5442759,67668792,340161441,45312281.5,209550294,19456334,1426437267,51188173.5,1414203896,276758053,8942924.5,31328374.5,61502603,6877225.5,19248161,7954448392
2022,26200984.5,9064677,11641820,38821259,10673213,5902903.5,5569299,66277408.5,84086227,10412480,9684305.5,380355.5,5110015.5,59619114.5,124997578,51782511.5,653312.5,128613117.5,17904421,5131734.5,5456801.5,38385739,10417072.5,5473196.5,68179315.5,341534045.5,45407904,210306414.5,19553036.5,1425179569,51737943.5,1425423213,278830528.5,9103151,32175351.5,62378410,6825864,19166772.5,8021407192
2023,26451124,9130429,11712893,39299104.5,10809716,5948136.5,5601185.5,66438822,84548231,10242908.5,9686463.5,387557.5,5196630,59499453,124370946.5,51748739,665098,129739759,18092524.5,5172836,5519167,38762843.5,10430738,5518054.5,68682962.5,343477335,45538401,211140729,19658835,1422584933,52321152.5,1438069596,281190066.5,9256314,33264292,63212383.5,6795803,19118478.5,8091734930
2024,26713205,9120813,11738763.5,39742430,10735859,5977412,5617310.5,66548530.5,84552242,10047816.5,9676134.5,393395.5,5255017.5,59342867,123753041,51717590,673036,130861007,18228741.5,5213944,5576660,38539201,10425292.5,5506759.5,69138191.5,345426571,45696159,211998573.5,19764771.5,1419321278,52886363.5,1450935791,283487930.5,9387021,33962756.5,64007186.5,6757688.5,19015088,8161972573
2025,26974026,9113574,11758603,40126723,10609239.5,6002507,5623329.5,66650804.5,84075074.5,9938844.5,9632287,398266,5308039,59146260,123103479,51667029.5,680453.5,131946900,18346819,5251899,5623071,38140909.5,10411833.5,5474881,69551331.5,347275807.5,45851377.5,212812405,19859921,1416096094,53425635.5,1463865525,285721235.5,9517180.5,34566328,64747319.5,6714559.5,18908650.5,8231613070
2026,27227096,9107266,11774642.5,40467727.5,10527780.5,6023520.5,5621738.5,66746400.5,83644258,9897115.5,9585818,402329,5356950,58926166.5,122427731,51600388,687448.5,132997657.5,18448775.5,5287479,5652988.5,37843188.5,10395362.5,5451342,69931528,349035494,46003734,213562666.5,19945849.5,1412914089,53936226,1476625577,287886782.5,9647689,35165787,65453084.5,6667659.5,18800604.5,8300678396
2027,27474271,9101493,11788639.5,40782234,10505711,6041442.5,5616000.5,66838261.5,83442705.5,9853974,9553241.5,405839,5402888,58688779,121732340.5,51518845,694278,134017708,18538017,5320870.5,5673549,37695020,10377980.5,5441445,70293580.5,350728355,46153342,214261025.5,20026154,1409679406,54422265.5,1489164674,289986522,9778888.5,35759241,66143021.5,6617828,18691557.5,8369094345
2028,27718838,9096265,11801622,41085503,10481069,6057190,5608806.5,66928636,83229082,9810275.5,9519888,409029.5,5446621,58445833,121024348,51423430,701077,135008697,18619097.5,5351829,5693246.5,37538256.5,10358298.5,5429796,70642974,352404085.5,46299946.5,214911373,20100933.5,1406136744,54885116,1501432740,292016778.5,9910678,36344483,66830384.5,6566018,18581890,8436618886
2029,27956571.5,9089763.5,11813659,41376296.5,10453896,6070613,5600775,67018329,83005443,9766171,9485106.5,411856,5487473.5,58201026,120308089,51314016,707591,135970891,18692512.5,5380596.5,5711696.5,37372274.5,10337466,5416436,70971336.5,354050267.5,46443764.5,215515170.5,20169623.5,1402282753,55322626,1513423731,293978109,10042407.5,36910749.5,67506849.5,6512786,18471048,8503285323
2030,28188539.5,9080346.5,11824141,41655589,10425089,6081995,5592051,67107691,82780953,9721983.5,9449115,414348,5525093.5,57946072,119584121.5,51188583.5,713667,136904738,18757217,5407349,5729094.5,37198542.5,10317927,5401392.5,71286992,355649881,46585022,216074411,20233183,1398153832,55736475,1525138845,295876648,10175954.5,37443751.5,68161359,6458243,18359507,8569124911
2031,28417794,9069088.5,11833002.5,41928615,10394938,6091944,5582720,67194855,82552437,9677617.5,9412405.5,416609,5560659,57680120,118852085,51048174.5,719434,137811064.5,18813964.5,5432482.5,5745651.5,37018012.5,10298430,5384892,71587424,357222715.5,46723735.5,216587349.5,20290985.5,1393748670,56125963.5,1536540602,297719748,10312939.5,37956086.5,68798579.5,6403153,18247763,8634119334
2032,28641921.5,9056509.5,11841124,42191768,10363594,6100376,5572883.5,67281979.5,82323676.5,9632155,9375019,418614.5,5595090,57416501,118114140.5,50891289,725078,138690193.5,18863760.5,5456116.5,5761189.5,36831176.5,10277046,5367129.5,71868655,358769974,46859877,217055384,20341807,1389060032,56490498.5,1547607125,299510661.5,10449057.5,38468946.5,69426438.5,6348398.5,18135675,8698229812
2033,28861601.5,9043485.5,11849247.5,42438030,10331415.5,6107586,5562635,67369321.5,82099756,9586436.5,9337096.5,420419.5,5627707.5,57156447.5,117372474,50714304.5,730521,139542085.5,18908217,5478626,5775583,36639819.5,10254658.5,5348215.5,72142880,360294008.5,46993516.5,217479384.5,20385072.5,1384096521,56832260.5,1558324080,301250984.5,10583563.5,38982388.5,70040480.5,6293470,18022868.5,8761449081
2034,29078991.5,9029409.5,11856875.5,42676472,10298788,6114220,5551884,67458149.5,81882649.5,9541530.5,9298723.5,422053,5658298,56890916.5,116626751,50516809,735651,140362026.5,18946182.5,5500065.5,5788955,36443899,10231672,5328280,72405684.5,361801811,47124535.5,217860883,20422549,1378876935,57151612,1568688353,302938573,10719402.5,39496945.5,70641572,6238211.5,17909246,8823784909
2035,29296168,9014208,11863584.5,42905267,10265956,6119805.5,5540655,67547945.5,81669909.5,9496499,9259903,423578.5,5686868.5,56620005.5,115876149,50300733,740628.5,141150819,18977352,5520602.5,5801417,36243787.5,10208240.5,5307343,72656815,363284716,47251994,218199707.5,20455940,1373427531,57445753,1578694796,304566622,10858122,40012640,71234752,6183114,17794417,8885210181
2036,29513613,8999245.5,11869958,43124450.5,10233376,6124307.5,5529046,67635315.5,81443393.5,9451669.5,9221116.5,425022,5714200.5,56348694,115125565.5,50066543.5,745418,141909163,19004539.5,5540789,5813294.5,36038936.5,10184658,5285480,72898254.5,364731659.5,47375365,218495204,20485086,1367742785,57716865,1588325359,306135098,10997378.5,40529059.5,71816378.5,6127669,17678048,8945686615
2037,29726637,8982695.5,11876528.5,43343006,10200964,6127824.5,5517114.5,67721110,81216896.5,9407248,9182265,426318,5741479.5,56074676,114377401,49813426,749911,142637546,19026567.5,5560354.5,5824572.5,35829756,10160794,5262927.5,73125973,366152370,47494512,218747241,20507949.5,1361830064,57965296,1597537007,307646417.5,11138677.5,41045449.5,72387813.5,6071889.5,17561291,9005152624
2038,29938042,8966400.5,11882906,43555952,10168993.5,6130866,5504992.5,67801926.5,80993996.5,9362891,9143649,427487.5,5768255.5,55796258,113633614,49541157.5,754310.5,143336219.5,19043263.5,5579887,5835194,35617022.5,10136256,5239772.5,73348190.5,367551455.5,47608787.5,218955561.5,20524481.5,1355722707,58190077.5,1606300649,309096448,11284409.5,41561631,72949616.5,6016846,17443920.5,9063572926
2039,30148427,8950790.5,11888117,43759359.5,10137734.5,6133191,5492753.5,67873403,80770009,9319061.5,9105459,428540,5793365,55511313.5,112894531.5,49251889,758650.5,143998292,19055408,5599001.5,5845090.5,35400130,10109982,5216124.5,73564958,368906818,47716823,219118373.5,20535706,1349394718,58394306.5,1614639241,310481120,11432608.5,42077219,73496158.5,5962193,17326562,9120928380
2040,30357450.5,8934061.5,11892204.5,43951417,10107225.5,6134659,5480522.5,67938904,80551736,9275613,9067617,429452.5,5817570,55221167.5,112158303.5,48948686.5,762673,144624323.5,19062983,5617290.5,5853869.5,35179553.5,10082255.5,5192010,73774626.5,370209316,47817644.5,219237083.5,20542102.5,1342816657,58576445.5,1622580039,311797395.5,11581474,42592205.5,74035623.5,5907728,17209718,9177190203
2041,30570272,8917559.5,11895957.5,44137905.5,10077469,6135556,5468300.5,68002575,80345656,9232316,9030575.5,430226,5841486,54931947,111422443,48630433,766431.5,145217773.5,19066147,5635786,5861951.5,34956334,10055045.5,5167469.5,73980351,371469478,47910498,219307148.5,20543285,1335990232,58736885,1630119369,313041661,11730625,43106706.5,74575448,5854055.5,17091782,9232281575
2042,30786333.5,8900674,11898971,44321949.5,10048354,6135755,5456015.5,68063860,80149109.5,9189700.5,8994159.5,430917,5863237.5,54635957.5,110692357.5,48299744.5,770069.5,145777455.5,19064875,5654120.5,5869382.5,34729708,10028284,5142686,74181563,372704772,47994506.5,219319761,20539916.5,1328909238,58878128,1637235358,314211282.5,11882511.5,43620251.5,75111900.5,5801386.5,16973751,9286110371
2043,31002213.5,8883178,11900653.5,44501136,10020093.5,6135680.5,5443570,68115786,79942135.5,9146979,8958564.5,431585,5882468.5,54323772,109972381,47959040,773435,146300007,19060464,5670995.5,5875574,34499249.5,9999540,5117643,74380562,373900677.5,48069561,219276520,20532923.5,1321590798,59000357.5,1643915270,315304312,12035782,44132845.5,75641513,5749677,16856343.5,9338661314
2044,31216093.5,8864497.5,11901548.5,44675804,9992437.5,6135228.5,5431000.5,68157082.5,79719613,9103014.5,8923747,432143,5900432.5,54004348,109259528.5,47603366.5,776535,146787717,19052666,5686323.5,5880912.5,34266473.5,9969284,5092334.5,74572568.5,375029245.5,48135529,219178994.5,20519684.5,1314015987,59104590,1650186612,316318415.5,12189760.5,44644903.5,76164460,5698613.5,16738280,9389873694
2045,31431122.5,8844730,11900984,44850096,9965090,6134655.5,5418350,68190954.5,79491795.5,9058324.5,8889214,432484,5916936,53680470.5,108551994.5,47232956,779539,147240092,19041974.5,5700556.5,5886017.5,34031059,9938389.5,5066919.5,74753657.5,376106472.5,48191841,219026196.5,20499137.5,1306113788,59190823,1656067583,317249613,12342061.5,45156464.5,76681449.5,5648256,16620320,9439639668
2046,31650488,8824199,11898559.5,45016754.5,9937605,6133613.5,5405569,68214672.5,79264457.5,9013149.5,8855135,432695.5,5930830,53346081.5,107850580.5,46850898.5,782347,147654159.5,19030540.5,5713450,5890405.5,33792870,9906340,5041375.5,74925783.5,377131727.5,48237678,218821033.5,20473281.5,1297817582,59259759.5,1661548392,318096573.5,12492650,45666810,77199547.5,5598424,16502990.5,9487889604
2047,31866219.5,8801902.5,11894556.5,45173486.5,9910067.5,6131865.5,5392605,68229077,79034280.5,8965702.5,8821749,432848,5942851.5,52998855,107157970,46452061,784904,148030145.5,19016273,5724903.5,5893786.5,33552187,9873439,5015615,75089105.5,378117767,48272492,218565368,20443723,1289120427,59313133.5,1666628147,318862019.5,12642475,46175489.5,77716654.5,5548705,16384828,9534545978
2048,32081621,8777846,11888624,45329217,9882453.5,6129992.5,5379285.5,68235289.5,78791084,8916114.5,8789131,432942.5,5954175.5,52640785,106474329,46033793.5,787350.5,148372231.5,18998732.5,5735773.5,5896770.5,33309095.5,9840569.5,4989620.5,75241980,379063744.5,48296026.5,218258219.5,20408335.5,1279992585,59351253,1671309726,319554652.5,12790543.5,46682894,78215322.5,5499404.5,16265694.5,9579536043
2049,32297180,8751755.5,11880656.5,45476949.5,9854497.5,6127737,5365645,68231375,78540887,8864825,8757036.5,432998.5,5963613.5,52273385,105796844,45597294,789571,148677897.5,18979462.5,5745458.5,5898932.5,33063235.5,9806137.5,4963257.5,75380404,379966906,48308274.5,217897826,20366441.5,1270381145,59375009.5,1675619895,320173250,12940502.5,47189046.5,78699586,5450678.5,16146362,9622824029
2050,32506969.5,8724332,11870906,45621882,9825543.5,6124838,5351645,68219675,78294613,8812069.5,8725347,432993,5970042,51891098.5,105123167.5,45143133.5,791464,148946273.5,18958475,5755287.5,5899829,32814096.5,9770270.5,4936488,75504681,380846909.5,48308943.5,217489299.5,20320306.5,1260289094,59385356.5,1679589259,320712949.5,13092722,47693909.5,79177328,5402216.5,16027266.5,9664378587
2051,32716087,8696685.5,11859002.5,45771463,9795302,6121371,5337089.5,68200254.5,78048437.5,8758041,8693973,432981,5973837.5,51499509,104452458.5,44671149.5,793283,149181846.5,18934376.5,5766715.5,5899792,32561485,9734815,4909328.5,75616456.5,381708396.5,48297097.5,217040324.5,20269202.5,1249692538,59382960,1683220886,321175111.5,13244415.5,48198042.5,79652213,5354139,15907818,9704192304
2052,32921908,8667921.5,11844314.5,45922954.5,9764010,6117679,5322065.5,68175770.5,77800877,8702191,8662648.5,432895,5976152.5,51102076.5,103778130,44178841.5,794906,149383764.5,18909117,5776883,5898988.5,32306331.5,9698456.5,4881652,75715203,382543753.5,48272369,216546444,20211416,1238557132,59368286,1686507892,321563366.5,13395796,48701343.5,80115431.5,5306433.5,15786540,9742264515
2053,33125573,8636710.5,11827231.5,46071010,9731216,6113506.5,5306876,68146931.5,77539860.5,8645289,8631347,432700.5,5977055.5,50692374,103100887.5,43672042.5,796237.5,149552708,18884311,5786035.5,5896911.5,32048060,9660593,4853396.5,75797706,383359332,48234737,216005325,20146396,1226929855,59341502,1689465439,321885370,13548166.5,49203498.5,80557028,5258697,15664523,9778614614
2054,33331248.5,8603886,11809034.5,46213215.5,9696472.5,6108902,5291382,68111014.5,77258786,8586703.5,8599603.5,432492,5976541,50271519,102415685,43157452,797493,149688990.5,18858186.5,5795602,5893406,31785805,9622783,4824621.5,75868023,384145920,48184613,215419906,20075221,1214853346,59302995,1692068272,322144268.5,13703162.5,49704234.5,80994204,5210895,15541852,9813251659
2055,33539309,8570634.5,11790123,46357072,9659904,6103884.5,5275464,68067631,76970313,8525854.5,8567294,432183,5973921.5,49842494,101721352,42632670,798658,149794545,18831090,5804685,5888914,31520111,9584725,4795153,75921058.5,384894297.5,48122229,214791954.5,19998261.5,1202342471,59252857,1694328245,322341996.5,13858435.5,50203308,81427426.5,5163244,15416580.5,9846237571
2056,33745342.5,8537011.5,11769786,46504142.5,9621583.5,6098375.5,5259379.5,68022156.5,76687002,8463443.5,8534336,431752.5,5970263.5,49401283,101018742,42095097.5,799411.5,149869727,18801740,5812284.5,5883458.5,31250569,9546690.5,4764788.5,75956753,385642341,48047358,214123891.5,19915522,1189440669,59191341.5,1696276842,322483843,14009430,50701103.5,81844862.5,5115852.5,15288920.5,9877680392
2057,33949054,8501897,11747805.5,46655784.5,9581303.5,6093057.5,5243486,67978669,76408118.5,8399726,8500956,431239,5965128.5,48952794,100304740.5,41545089,799812,149916430,18770838,5818438.5,5877299,30977834,9509703.5,4733608,75982994.5,386425226,47960610,213414291.5,19827632.5,1176217946,59118668.5,1697919569,322569932,14157653.5,51197630.5,82252531,5068667.5,15160134,9907637193
2058,34156815.5,8465818,11726478.5,46816195.5,9539418.5,6088189,5228230.5,67935849.5,76129111.5,8334856,8467489,430671.5,5956855,48499940.5,99583491,40984543,800205,149937283,18740761,5824137.5,5871176.5,30702323.5,9471601,4701577.5,76002015,387253705.5,47862863.5,212663000.5,19735659,1162722709,59034729.5,1699255337,322603671.5,14304289.5,51693090.5,82658549.5,5021579,15030495.5,9936164379
2059,34362634,8430060.5,11705883.5,46982141.5,9496125.5,6083422.5,5213221,67892952,75861386,8269088,8433026,430069,5946215.5,48042231.5,98848887,40421032.5,800515,149930613.5,18711794.5,5829186,5864984.5,30422635,9433240,4668684.5,76010858,388093057.5,47755326,211870766.5,19638753.5,1149002168,58939676.5,1700266000,322589093.5,14448766.5,52187245,83056837.5,4974221.5,14899677.5,9963337083
2060,34562683,8394695.5,11684663,47145288.5,9451249,6078223.5,5198126,67850294.5,75604604.5,8203169.5,8397581,429360.5,5933915.5,47584459.5,98103218.5,39857227.5,800675,149893286.5,18683350,5833201.5,5857872.5,30139158,9395884.5,4635020.5,76010356,388918394.5,47638688.5,211038801,19536589,1135127191,58833441,1700951714,322529332.5,14594770.5,52679123,83443513.5,4926388,14768088,9989232292
2061,34764692.5,8360105.5,11662417.5,47309916,9404771,6072976,6072976,67810557.5,75361467.5,8137063.5,8361838,428611.5,5921729.5,47127112.5,97353646,24557406.5,800796.5,149827852,18655388.5,5835531.5,5850010.5,29852068,9359410.5,4600678.5,76011257.5,389765293.5,47513476.5,210170464,19430026.5,1121174717,58716000,1701283707,322428670,14739874.5,53169089.5,83818397.5,4878500.5,14635769,1.00E+10
2062,34969212,8325620,11639828,47481924.5,9356975.5,6067892,6067892,67772616,75130987,8070504.5,8325673.5,427790.5,5910040,46670716.5,96600089.5,24430635.5,800771,149737035.5,18629643.5,5838139.5,5841442.5,29560836,9323460.5,4565665.5,76015722.5,390647521.5,47380747.5,209264206.5,19318423.5,1107207133,58587063.5,1701273211,322289858.5,14880662,53656775.5,84187506,4830916.5,14502742.5,1.00E+10
2063,35175465.5,8291172.5,11618143,47656822,9308136.5,6062958.5,6062958.5,67739664,74909565,8003997,8289212.5,426880.5,5898066,46222613.5,95843768.5,24302979,800535.5,149619418,18605904.5,5841093,5832172.5,29265319,9287297,4530015.5,76018826,391545618.5,47241187.5,208321481.5,19201091.5,1093276704,58446678.5,1700949862,322118577.5,15023187,54141962.5,84556165,4783586.5,14370766,1.01E+10
2064,35377580,8258211.5,11597066.5,47829974,9258793,6058181,6058181,67713647,74701727.5,7937788.5,8252255.5,425994,5884665.5,45784538.5,95085857.5,24174439,800258,149474742.5,18582979.5,5843778.5,5822603.5,28965167.5,9251225.5,4493840.5,76020153,392444228,47095292.5,207347940.5,19077781,1079407882,58294750,1700300211,321915634,15163525.5,54624837.5,84918442,4736305,14240312.5,1.01E+10
2065,35577439,8225772,11577020,48002027.5,9209097.5,6053335.5,6053335.5,67691804.5,74503017,7872405.5,8215198,425036,5870132.5,45352681.5,94324173,24045012.5,799937.5,149302539.5,18561279,5847555,5812868,28661471,9216440,4457251,76022078.5,393352609,46943412,206343441,18951112,1065632530,58131055,1699297227,321681604,15301588.5,55105205,85261576.5,4689240,14110663.5,1.01E+10
2066,35784852,8193049.5,11558128.5,48174162.5,9159545,6049058.5,6049058.5,67677299.5,74308692,7807286.5,8179078.5,424003.5,5855125.5,44931309,93563620,23915148.5,799551,149103940.5,18541467.5,5851514,5803016.5,28354483,9183537.5,4420405.5,76025915,394294349.5,46786073.5,205306679.5,18820965,1051989135,57955180,1697969498,321416624.5,15439925,55583124.5,85591617,4642625,13983436.5,1.01E+10
2067,35997266.5,8161532.5,11540449,48350939.5,9111039.5,6045432.5,6045432.5,67669051.5,74117861.5,7742011,8143847.5,422907,5839786,44524299.5,92812404,23785392,799018,148881679,18524712.5,5854647,5793104,28044401.5,9151646,4383301.5,76033051.5,395267226,46623479.5,204242531.5,18687548.5,1038472818,57766692,1696316154,321119316,15577460.5,56058191.5,85916396.5,4596676.5,13859610.5,1.01E+10
2068,36211023,8131306,11523333.5,48525241,9063721.5,6042136,6042136,67664280,73940351.5,7676981.5,8109149,421787,5824169,44126166,92067790.5,23655910,798328.5,148634888,18509437,5856667.5,5783538.5,27732016.5,9119965.5,4345942.5,76037173,396248285.5,46455030,203151117.5,18552333.5,1025103452,57565953,1694295580,320791342,15716200,56530193.5,86231080.5,4551628.5,13738884.5,1.02E+10
2069,36424702,8101554.5,11506727,48692311,9017571,6039219.5,6039219.5,67668109,73773328,7612995,8075227,420660.5,5808103,43734707.5,91332806.5,23526598,797479.5,148362269.5,18494005.5,5858088.5,5774557,27418153,9089207,4308542,76040922.5,397237405,46280512.5,202033245.5,18415486,1011878190,57353303,1691921452,320434252.5,15856798.5,56998458,86539583,4507403.5,13620624.5,1.02E+10
2070,36635122.5,8072756,11490796,48857807,8972727.5,6036603,6036603,67678905,73615845,7550900,8042274,419428,5791492.5,43353331.5,90611771,23397808,796328.5,148063211,18478454,5859042,5765482.5,27103555.5,9060609.5,4271287.5,76049084.5,398218088,46100474.5,200893056,18276830,998784319,57128480.5,1689202540,320049797,15999337.5,57462528.5,86857023,4463711,13504411.5,1.02E+10
2071,36839672.5,8045284,11476221.5,49022938,8929610,6034389.5,6034389.5,67698397.5,73459601.5,7490956.5,8010392.5,418105,5774752,42986002,89911340,23269557,795145.5,147741064.5,18462958.5,5859404,5756370,26788405,9033657,4234288.5,76059257.5,399192919.5,45914883,199730068.5,18135293,985806560,56891286.5,1686157650,319638644.5,16139528.5,57923095.5,87183487.5,4420781.5,13390696.5,1.02E+10
2072,37041407.5,8017716.5,11463025,49187298.5,8888325.5,6032483,6032483,67724513.5,73301600,7432740.5,7979863,416668,5758135,42631502.5,89235968,23141672,793929,147396146,18446838,5861375.5,5747169,26472932,9009126,4197586.5,76068383,400151803.5,45723826,198546036,17992067,972905671,56642330,1682786825,319197976,16271452.5,58380747,87486535,4378825,13279476,1.02E+10
2073,37245058.5,7990447,11449950.5,49346188.5,8849016.5,6030139.5,6030139.5,67752339.5,73144650.5,7376240.5,7950790,415208,5741398.5,42288844,88580980.5,23014119.5,792529.5,147025029,18429276,5863972,5737402.5,26157701,8985902.5,4161327.5,76067629,401080532.5,45527203,197343262,17847738.5,960055383,56382061.5,1679105607,318724735.5,16399970.5,58835325.5,87766053.5,4337610.5,13171536.5,1.02E+10
2074,37451852.5,7963623.5,11436977,49501805,8811824,6027505.5,6027505.5,67784584.5,72985141.5,7322165.5,7923085,413764.5,5724553.5,41958150.5,87952001.5,22886769,791181.5,146629523,18411117,5865189.5,5727431.5,25844144.5,8962890.5,4125693,76057432.5,401993348,45324184.5,196125080,17700422,947249416.5,56110522,1675136968,318221159,16532682,59286903,88046049.5,4297012.5,13066168.5,1.02E+10
2075,37659585,7937308,11424663.5,49661529,8776584.5,6025042.5,6025042.5,67822261,72838464.5,7270681.5,7896838.5,412217.5,5708189,41641716.5,87352846.5,22759811,789866.5,146211751,18391537.5,5865952,5717579,25533666,8942124.5,4090676.5,76045531.5,402910163,45115122.5,194895910.5,17549405.5,934466660.5,55827989,1670860308,317686031,16668315,59736268.5,88323147,4257602.5,12962630,1.03E+10
2076,37865663.5,7911661.5,11413124.5,49826113.5,8743463.5,6022068,6022068,67863936,72691189.5,7221257.5,7872084.5,410554,5692411,41341936,86780662,22633219,788498.5,145772681,18368106,5866354.5,5707881,25226489,8923471.5,4056328,76038090,403820926,44900127.5,193656035.5,17395723.5,921677629.5,55535068,1666299927,317121278,16804713.5,60183930,88589554.5,4219621,12861113,1.03E+10
2077,38073800.5,7884737,11401155.5,49984252.5,8712384,6018848,6018848,67905318,72532967,7173180,7848702.5,408719,5676939.5,41053533,86232702,22506531.5,787038,145311919,18340784,5867112,5697964,24922265,8907083.5,4022728.5,76028116,404683462,44679067.5,192404845,17239828.5,908874531.5,55231931,1661484931,316525131,16944998,60630103.5,88858009,4182529.5,12761159,1.03E+10
2078,38284007,7857205.5,11387797.5,50140225.5,8682783,6015859,6015859,67945204,72383094,7126986.5,7826636,406801.5,5661973.5,40772236,85708775.5,22379596.5,785565,144829020.5,18311972,5867370.5,5687592,24622711,8892950.5,3989986,76010108,405518702,44451502,191143681,17081481,896043788.5,54918950,1656416560,315894336.5,17089056,61075268,89132767,4146349.5,12662734.5,1.03E+10
2079,38492857,7830807.5,11374349.5,50297170,8654526,6012543,6012543,67984811,72244177.5,7082979,7805375,404868,5647277.5,40495655.5,85209307,22252378,784036.5,144324266,18282172.5,5866463.5,5676743.5,24328047.5,8879963,3958104.5,75986572,406319929.5,44217094,189874549,16921161,883166975.5,54597432.5,1651101286,315232523,17230992.5,61520208,89403956,4111021,12565884.5,1.03E+10
2080,38700843.5,7805761,11361054.5,50449269.5,8627728.5,6008790,6008790,68024937,72112513.5,7040432,7784774,402850.5,5633971.5,40225869.5,84729965.5,22124706,782395,143798331.5,18251350,5864587.5,5665345,24037703,8868423.5,3926992.5,75956251,407079816,43976227.5,188598788,16758877,870252344,54267963.5,1645548761,314542594,17373658.5,61965386,89674092.5,4076462.5,12470346,1.03E+10
2081,38913382.5,7781119,11348181.5,50606318.5,8602363,6004852,6004852,68066815.5,71991202,6999572.5,7765072,400797.5,5622558.5,39963231.5,84269888.5,21996518,780656.5,143251807.5,18218893,5862554.5,5653536,23752655,8857978,3896685,75926700.5,407866284.5,43728853.5,187316359,16594885.5,857328714.5,53930888.5,1639778180,313826100,17514309,62411271.5,89944244,4043363.5,12376340.5,1.03E+10
2082,39127226,7755989,11335106.5,50759611,8578316,6000136,6000136,68108439.5,71881429,6960242.5,7746134.5,398781,5610963,39704905,83826897,21867789,778774.5,142689365,18184063,5860148.5,5641393.5,23472816.5,8848868.5,3867209,75892776.5,408655860.5,43474938,186029711,16430962,844439196.5,53586874,1633817741,313078657.5,17648951,62857804.5,90208634.5,4011530,12284928,1.03E+10
2083,39341144,7730759,11321441.5,50910759,8555662.5,5994230,5994230,68153316.5,71775295,6922342,7728008.5,396748,5598162,39452309,83397932.5,21738766,777016,142109912.5,18147837.5,5856303.5,5628760,23198842.5,8841732,3838505.5,75847664,409401659,43214644.5,184743965.5,16265892.5,831604667.5,53236619.5,1627669471,312299889,17782617,63304716.5,90469061.5,3980550,12195339.5,1.03E+10
2084,39552738.5,7705346.5,11308006,51064689.5,8534108,5987674.5,5987674.5,68198942.5,71672976,6885327,7710707.5,394666,5584764.5,39203214,82980374,21609357.5,775302,141510608.5,18111023.5,5852208,5615498.5,22931401,8835313.5,3810537.5,75797776.5,410134666.5,42948621,183460423.5,16098426.5,818815356.5,52881132,1621344018,311493133,17918783,63752398.5,90721519,3950392,12106780,1.03E+10
2085,39759318,7680365.5,11294427,51211734,8513348.5,5980590.5,5980590.5,68237653.5,71576211,6848239,7693491,392564,5571102,38955405.5,82570777,21479322.5,773446,140892442,18074357,5848588,5601963,22670483.5,8829356.5,3783276,75743276,410829984.5,42677133.5,182177768,15928819.5,806115054,52520933.5,1614843929,310660087,18053884,64200983,90957535.5,3920958.5,12019755,1.03E+10
2086,39970333,7656850.5,11280649,51357630,8493107,5973040,5973040,68276452.5,71478456,6811560.5,7676142,390442,5557425,38713095,82169887,21348618.5,771558.5,140257628,18036255,5845302.5,5588391,22415539.5,8824406,3756697,75680069.5,411520086.5,42400661,180894223.5,15757605.5,793559254,52156801,1608173606,309799725,18185050.5,64651034.5,91196448.5,3892425.5,11933497,1.03E+10
2087,40188433,7634721,11265957,51502219.5,8473406.5,5965214,5965214,68316291.5,71387347.5,6775730,7659361.5,388288.5,5543233.5,38472531,81778184,21217308,769637.5,139610647.5,17998307.5,5842301.5,5574503.5,22166289.5,8819026.5,3730808,75610809.5,412236776.5,42120017.5,179611127.5,15585567,781153717.5,51789197.5,1601390982,308911984.5,18312026,65102909.5,91444345.5,3864743,11848517,1.03E+10
2088,40416299.5,7612694.5,11250780,51658545,8454703,5957393,5957393,68354444.5,71315949.5,6739996.5,7643377.5,386088.5,5527772,38231433,81393977.5,21085766,767781.5,138952627.5,17960227,5840476.5,5560837,21922659,8813661.5,3705542,75539628,412978780,41835486.5,178330392,15412002.5,768899132.5,51418568.5,1594493061,308000775.5,18433979.5,65556060,91687476,3837896,11764994.5,1.03E+10
2089,40646491,7590340.5,11236086.5,51815706.5,8436572,5949368.5,5949368.5,68389693.5,71259003.5,6703488,7627608.5,383970.5,5511287,37989932.5,81013197.5,20953947.5,766049.5,138281610,17920220.5,5838569,5547888,21684893.5,8809077.5,3680765,75462724,413730741,41547115,177054244,15237933,756809110.5,51046494,1587459179,307068165,18550692,66009928.5,91926609.5,3811654,11681725.5,1.03E+10
2090,40876704,7569186.5,11221815.5,51956748,8418482,5940877.5,5940877.5,68421882.5,71200405,6666803,7612095.5,381944,5493730.5,37748595,80634393,20821742.5,764383.5,137597074.5,17878905,5836503,5535168,21452557.5,8804662.5,3656440,75378279,414457640,41255036.5,175780971.5,15064884.5,744902836.5,50674500.5,1580305097,306110861,18667495.5,66465149,92160724,3785849.5,11598357,1.03E+10
2091,41111419.5,7549429,11207572.5,52105250.5,8400760,5932462,5932462,68451045,71145640,6630481.5,7597025.5,379876.5,5475498,37511052,80257724,20689263.5,762658,136900252.5,17838038.5,5835193,5522782,21225016,8800534.5,3632534,75289987,415186389,40959933.5,174510793.5,14893262.5,733179456.5,50303185.5,1573053552,305129526,18787566,66922028,92399701.5,3760385,11515528,1.03E+10
2092,41344708.5,7530928.5,11192507.5,52259693.5,8383251,5924287.5,5924287.5,68475278,71109273,6593820.5,7582214.5,377759,5457090,37272506,79879696,20556690.5,761034.5,136193871.5,17798797,5834279,5510831.5,21002066.5,8795988.5,3608978.5,75198446.5,415929000,40662490.5,173245423.5,14723840.5,721612750.5,49933006,1565745949,304125654.5,18906975,67379603.5,92635393.5,3735003,11433199,1.03E+10
2093,41574722.5,7513401.5,11176899,52414813,8365479.5,5916280.5,5916280.5,68498700.5,71085836.5,6556381.5,7567305.5,375703.5,5438247.5,37035406.5,79500582,20424480.5,759532,135476634,17759141.5,5832853.5,5498594,20783173.5,8791063.5,3585745,75102910,416662126.5,40363219.5,171986046.5,14555966,710185968,49564330.5,1558360380,303100459.5,19025280.5,67837060.5,92860583.5,3709665.5,11350370,1.03E+10
2094,41797144,7496580.5,11161121,52573699.5,8347323.5,5908287,5908287,68518865.5,71065763.5,6518143,7552185.5,373748.5,5418987,36801813.5,79123885,20292746,757956,134746722.5,17719668,5830910,5486266,20567784,8786368,3562765.5,75005766,417391615.5,40062943,170732552,14389263,698893770.5,49197688,1550887932,302058796.5,19138978.5,68293698.5,93085412,3684337,11267855.5,1.02E+10
2095,42016474,7479874,11145150.5,52734098.5,8328816.5,5900524.5,5900524.5,68529647,71045888,6479055.5,7537199.5,371827.5,5399259,36565447.5,78747739,20161118.5,756502,134008424.5,17681341.5,5829301,5474022,20355965,8780287.5,3539974,74902636.5,418115527.5,39761858.5,169483292.5,14224297.5,687724085,48834468.5,1543363232,301004180.5,19246831,68749557.5,93300481.5,3659087.5,11185525.5,1.02E+10
2096,42243352.5,7462943,11129657,52898267.5,8309700,5893157,5893157,68529526.5,71019877.5,6439150.5,7522323,369912,5378261.5,36327293.5,78369011.5,20029753.5,755032,133264475,17644610.5,5827049.5,5461948.5,20146818.5,8773536,3517357.5,74791791,418800097.5,39460123.5,168241139,14061316.5,676660877,48475980.5,1535804565,299933843,19353020,69204848,93502147.5,3633686.5,11102768,1.02E+10
2097,42477125.5,7446091.5,11114014.5,53074354,8290190,5885653,5885653,68523856.5,70982925.5,6398564.5,7507567,368033,5356070,36088272.5,77990635,19899159,753307,132515721,17609469.5,5824249.5,5450325,19939806,8767898.5,3494822.5,74679074.5,419461017,39158399.5,167006445,13901091.5,665695503.5,48121487,1528221481,298845929,19454950,69658502,93695465.5,3608077.5,11019835,1.02E+10
2098,42706735,7429819,11097068,53258348.5,8270345.5,5878106,5878106,68516588.5,70953019,6357749,7492514.5,366200.5,5333305.5,35851674,77612885,19769477.5,751533,131763049.5,17575440,5820746.5,5438577.5,19734944,8763262,3472278.5,74562973.5,420095820,38857022,165782111.5,13742671.5,654825389,47770267,1520590140,297745359.5,19551804.5,70109978.5,93893514,3582562.5,10936474.5,1.02E+10
2099,42926634,7414451,11079076,53436911.5,8249706.5,5870624.5,5870624.5,68503747,70930781,6316794.5,7476780.5,364391,5309954,35615719.5,77230866.5,19640506,749773.5,131007389,17541909,5816635.5,5426220.5,19531649,8758703.5,3449757.5,74438679,420702888,38556118,164569631.5,13585685,644049400.5,47423141.5,1512932637,296633418,19649861.5,70559391.5,94101365.5,3556978.5,10852571.5,1.02E+10
2100,43143684.5,7399328.5,11060848,53612234.5,8228075.5,5863216,5863216,68484558.5,70899863,6275576.5,7460742.5,362582.5,5286120,35376821.5,76845989,19512149,747990.5,130248836,17507517.5,5812293.5,5413618,19329838.5,8753987,3427216,74305411,421278889.5,38255989.5,163364064,13430616,633368112.5,47080763.5,1505251761,295511061,19747040,71006690.5,94314448,3531197.5,10768185,1.02E+10